id,label
b1627fb5d6af156b41c46704bc041416.jpg,8
bf61d61ec5f282372b76311e2594b94f.jpg,13
1e963951fb29f4f37d9a153e14533d80.jpg,17
4aec4a36181bd02af6040e3b4eef8378.jpg,14
78740bc6ad7b6ca6fe572a580ffa65e0.jpg,16
4caeafa514ae949eeeea54a71efd89c0.jpg,9
c2063e258414f2f5ec511fda06288621.jpg,3
cc34f29df0da071c3a8523b8d9478cbb.jpg,4
c620c2b977426bb6122dd834846aebd6.jpg,19
98f72a118aa838cd356d43d9546fcd39.jpg,18
d0da38cf988d4e9697ad81140294c682.jpg,1
43742ed1a786b9f1a43f6d9491bbccbb.jpg,19
3046fef2e22db30d7db2b38453b7ad6e.jpg,18
02c3c6ec427e16401dc7b728c5225613.jpg,18
4c23f8ba3cc4168c4661ad46e85d9481.jpg,14
36c755eb2d9760845838931f52e570d5.jpg,12
12ad7a4e6a71f8709b6fff0296dffa75.jpg,7
42ed462282360bfff30a8378f5ea14ba.jpg,19
ff47fbcb5f57c5eb537c4ab942c2adec.jpg,2
e7f5b03f62441d12e310721fab1fcfb0.jpg,3
4342193a977362cdaf24b71f9dc204a0.jpg,13
e012b8e9ee86894c946477b0f58b350d.jpg,8
2053c150d5ac218283449a32bd980221.jpg,7
225ab0f09a5af51f1521c914e79e45ea.jpg,0
9c96246f04de187a48b9d9b48a973e8e.jpg,15
c3b37bc97d8a83ea54671524b2890155.jpg,15
9df5462e3615840fee69f65f822008a5.jpg,6
8a827092e2785403a2aef9ce3a0a2ebd.jpg,15
c3f58fbc929ff38389266948cf079e27.jpg,4
1f2a1dca950c4521a9ba1f5d98ddd411.jpg,5
2f2bc71eae5175dbcee946421eb9fcd3.jpg,3
7e5c7b2cdd5c20f1079d963709e823d9.jpg,1
ed8ca941bbd2363f44cf0c7d00a4cbf3.jpg,19
f79f1b491cbaf2512664d358bff38940.jpg,18
861db55e41776ccde344a9650a9527bc.jpg,12
a7187683b7c8c4b27a5c61a18d64e972.jpg,4
ddcbf44d4a28972adc9b7bb3b4fd27a8.jpg,3
f382ff08f6473f932b4f601a544f6729.jpg,13
97ea7b1cfecca676535e3512b0229189.jpg,8
07528beefff64ad12b3bb7a9f8f94a9b.jpg,12
fe37e2561728371c20962de8efc4abc1.jpg,6
6c3645247a85151f53067fd45eb2f565.jpg,8
862b85b21b565108e1e9b7ce02af6e04.jpg,16
4e3aefcc2e9144b52e5a6ee7f6edf445.jpg,1
9cf236c3ca6cd579099d67f043c31ba0.jpg,4
371448fe8d51c9fd8e07e9063cf63a2c.jpg,19
5ff61eba622723b9fad385236467e50b.jpg,18
b2c963fc39c8d671d6291c21844e3a62.jpg,7
126c834fda6c66240de1ce216bbf564f.jpg,1
d94a1d4d4b267230acc9eaee05443627.jpg,16
7d1d65fd9c69134fa34945974530cb9b.jpg,5
18dfffdd8b0bd7ad952476bf7df4f9a2.jpg,10
99b68f2f348ac301541b9ca3ad945599.jpg,1
d71019e9a636c6657852daa11d630382.jpg,7
52b7221f5fa2dc94bba5435511856d0e.jpg,10
af310a9475af85c0ad5d2cc99b9973ef.jpg,8
40116a476026e69949417dcbd0c95a73.jpg,1
b7942a4e4a40e1b34df586b1a9eef45e.jpg,1
8e2bdf6166e4ba3b1c4cb02ac379e540.jpg,11
7ba105ea0a6752b3113b75ad05105eb8.jpg,7
765454a2455dbecbc65a5ebd12e1b236.jpg,17
a38cb1bda4bae7212dfbba3555f34d47.jpg,9
e1e160676a5dca821bebafe66e842fe6.jpg,16
474d5297c41ecb84b434aa401a8ac6bf.jpg,12
60f0e4fba0630be7dc0b0930f9406272.jpg,13
23bca80df2bdd5b801b03a2c560a5197.jpg,18
c08a36cbd3796be7b2ac6673531c307b.jpg,1
beed241a4328ef8f85a2b1909d2f770e.jpg,2
6c0f5a80c0a162ad0b9a8edd71587412.jpg,13
1fb1b7d3bc1767df35e9f1bb4e9935cd.jpg,8
d6defa257ee39549bdb5bb420f3e86cd.jpg,19
d4b3379355bed2f32b4b65d05b499c30.jpg,11
be0729b9f67b6c85988203eed0589e40.jpg,16
a67e24d3c5886bc90e7a68b1b9d2a40a.jpg,18
15f5ed014147571596bfec81be3089ce.jpg,9
959c0baf1d618ca4d2060916d1dc51f9.jpg,13
036383e8d2432ee5efa14e806621a7ba.jpg,5
48ea82bfb88375237790d556c765a35c.jpg,5
c7768f36e2161bc9716a3b0ee6ed34f3.jpg,0
7a7c2ad188a58d82fee0b74b61851db1.jpg,10
1a9e0a64c0de834dcab61ea9d228a6df.jpg,12
6544351d86e20c0517937d1e21da95ab.jpg,9
0e6202c638a00afbda498b69ca4be22d.jpg,9
07b62b3b8c7915043fc154b1b52adf55.jpg,19
fe928ee05531eea842eb058fd9b17639.jpg,17
d31fe99c477d8fefcba128d0aec24945.jpg,17
4196d541067ea16e495956aa54a52834.jpg,1
1968548934358ae342a30a7bca2b643d.jpg,5
af13ec09cdd353389d2e73402e299529.jpg,10
f1cc5496e950c638cf3d88af3a03a842.jpg,16
41fd7744d9505ff08b88b8a2b57cecb2.jpg,19
e0903e6c3ca32a5c6d50690ffefc6d37.jpg,10
16f69a15d569c98dae926bead96ce9e6.jpg,0
d8fbaec26910c0daafb226ef1e1a4ca7.jpg,10
88f4131d7f05bd1b160808f5ece16551.jpg,14
aa3b6efc78d94d4de086664e813cc817.jpg,12
0e03575ec4c1f01b0032d6aeac5566a1.jpg,4
cda65a685554b06326a8f2968c569e00.jpg,2
ede446c3cf87bb000d8c9347080487fb.jpg,7
e6d3331e00203d21738a6e71d2fba289.jpg,3
2e2b90116b771d088a07452df995c502.jpg,17
d82e05fdb5ed42d9821cc28f825d7970.jpg,8
bdfac046d5591e6394d8cee266c95cb5.jpg,11
e17ab37dec8af0c936a3eb36494fdd80.jpg,19
6a32481968496c516521e1b691a688fe.jpg,18
c0086b5c4f73187ac94d6e1d3460525f.jpg,2
3be6a61c0ebb4ade7ead3d1669591302.jpg,5
628c7eba6ce8ca35910e677b68d1aeb7.jpg,15
30f64c3aba4bf81ee2012fa52c087292.jpg,14
ed2b3cb2f49537d49d2544a07494a17c.jpg,13
1b805229cef330595750c9da3eda4404.jpg,16
3f05ffae6a783294d93cd203f7028d7b.jpg,4
503e9df195b1b0d6c63278c9c2bff20b.jpg,0
c32055301a3430beab3eeac3e75096e9.jpg,9
a7db85578d6ddb2baf999922f1f2b26e.jpg,17
65104576ef4b72f50e7ceee5b7f67390.jpg,17
0d351ef7f9cbbd6c4f6dabcaa9d6c827.jpg,12
76e0efd625a1f7fb6ec7ad5d76a21eec.jpg,9
18d3da96a5d45c1d7d3359c6c85c80d6.jpg,14
a2d8ced9ab82028cf4dcb4016b21c8dd.jpg,12
5337ae1a3b38e3e888dab41156fdc921.jpg,3
53622499e6241317effa1b06f711da08.jpg,5
0d0f83810bddd6e6c9886aaa0179c4ac.jpg,9
f4e4ae84a34a57e9e04844fe86ac2e79.jpg,5
17e3ec3c70b317e17ef50fc103d8aba2.jpg,17
1643186d85d91370be653c70122204f4.jpg,17
595250b2b07e083d1cd10a42e56465a5.jpg,6
b034602b415e200f2cd1e1450b119426.jpg,2
7898d8d0ac36a11cfaa7b7f750f43a0f.jpg,10
c9ba6f8a5e9d512220e7bd550a8a68b5.jpg,15
558f8137b32508b73c4294f0e3a8fde4.jpg,13
180e14ff580873dd5a55f2d42db00a1c.jpg,16
851a8230d9d4a10af777b639c461c3e7.jpg,7
f1a562dec0509636deaf6cd8dfa50418.jpg,18
7264b7240ae72410a09d6f68de842a40.jpg,13
02195d0c36feb71c487feb2beaf2abb9.jpg,2
97b0fa5079ca23946978330b6f08c5e7.jpg,2
b74b00cef1c419333d5525fc3881b762.jpg,10
ee99e291ba06d2c4de70d986218b1f04.jpg,14
fbe6badbce535b1c7115605b8c9de2c0.jpg,5
a5771eca8014e136a0cd16ec42b2cdc6.jpg,5
711452b075d30be0c9f6073aa8dbdd19.jpg,19
de00f5224be95836a607e7af8f101ffb.jpg,15
e1eb33df8b02da979d53e1592915adea.jpg,5
2d8cc2b7b6014a8a4006ba0a7ca92d42.jpg,5
c5354a8e5256d5caa895508b852da2e3.jpg,3
a4c7bcf7502b4963acf320469b19865e.jpg,2
9f865e1f7818d4da537cc5d95347f614.jpg,14
1f694a1a146fdc71fd74eb7e76960a26.jpg,14
ae231e5a487027baaeb5ed247902c757.jpg,15
bcd0b97baa78236bf70b0037bbb5cc48.jpg,0
d88a153f7c7026bd7283910d5220b449.jpg,3
e3548709bad82b6c082a750d84cd97e3.jpg,5
88d03302d45081274c2ef1e521fd5d56.jpg,6
1a50cdbc2d87508d9f29b9a0b313a9c6.jpg,15
e0b25b369e72b771e43a366e1cf82a5c.jpg,7
74bd770a0d63f4697bec2eae15159450.jpg,10
132349d280e66932a4c303543759f174.jpg,10
1632b918dd6bf000d1cadcf549e4bbb6.jpg,19
7f95d73b066977c28fbf46484df0b846.jpg,2
19b5b4a70fef06ab4c2d1f652cb1339a.jpg,14
b8d8a71e9323eeb003418c01ed349ec3.jpg,10
9201cc704fa8010e8f61c5fdc2ca5e67.jpg,6
3f04f28df8baccf1a8993dda3fe308ca.jpg,7
816c8b09f8b05541abf32c03cc21b20a.jpg,0
1e6c3245ddcd9260ee03c8da9e6a22b1.jpg,18
03208f70a14e79eede39b00765d92d74.jpg,10
84d5b69e1fd8d47e4a7a211633c82734.jpg,19
751957a1cbd27f2679e4e89c8079e41e.jpg,16
0dd57f0737dfbcbc0a04430b0207554f.jpg,12
5b25eca66fed8c67d8cecd51e0720023.jpg,1
04e361769c9816f6f1b7adbe95ad325f.jpg,3
7c2be543da9d23dbc55f218f12234c60.jpg,7
32e06dffd5461c94e3784034b5a720bb.jpg,1
756d6d7a7ca179b823053533f78a16f8.jpg,16
d2fb6ba3a7da50edd5b4e8431edbe365.jpg,5
27e9c97e4fad5f4b340635acf65dcbaf.jpg,9
e939ddc016578337a9ac0bb01d04fc3e.jpg,3
d79ba12d8aeb141ce78149451b6fa767.jpg,11
da00986c6fc593da8f6ba4c6d8809563.jpg,2
74bab423945bd6329c1bf10fc6b959cb.jpg,12
aa90c92eaf8e2755ba86d3dde8bffb82.jpg,4
83c5077b56015346c5069ee80bf9537a.jpg,14
64a45d39953ec7e9821be005cfa4841a.jpg,12
3fe2b664b132f3ec3e82c4ca5c67f992.jpg,17
d4f732bc46075963ed18c7a6de5ad536.jpg,4
548d1a78c616440d447dc94ab6d49b96.jpg,9
8e0811837177f202503b537fd05c7a30.jpg,16
fbe5482e41238db1d55e22e4073f03d6.jpg,18
2bf93302c752608448495f1bff07e878.jpg,10
f623ddf66f6819c44a9a535abbc7ebbc.jpg,1
f23cbcee82647e9bed8a8b847fd16e98.jpg,3
8e7238b4d838db00d06d0573ca9d4f24.jpg,12
f85baf671d85729bdf8cbf6ba5fd6dd0.jpg,5
fa6c6f4149c97c429e65039af315b390.jpg,1
f6a6323989d612359de3c897d8130cf9.jpg,7
ee799a12ba8aa87f77af44183c77807c.jpg,14
9ae1822d358a175b1b7b06725c2254f6.jpg,13
47ec9a3c5c969ec2769d8b43b3dae785.jpg,13
31848c15ac9801eaf1482a56cdfdb98b.jpg,11
ef1e52d78d8a2f7e8499ceff924b782c.jpg,12
ffc16d90f188065ca36cd23aacf56672.jpg,12
4aa283ae35600be32546665067dd9319.jpg,17
7fbda9cdedb8002e5b648a173af71939.jpg,11
addafa3cf81461921fbab4a33c99da9b.jpg,5
0ba229d48ad896b308b77fae54b69aa5.jpg,14
8511528ebc895a7c0b42867d06fb9b6a.jpg,15
677c907f4a6f2d0a27cb44354d4a6929.jpg,19
eeb6f7328c5be9b89507f0129cbcf591.jpg,4
c29ddc0dae18ea5f40f5864833b12bf3.jpg,0
a99c5d3c377dffc912f2aedd3c3d92ff.jpg,5
20fccaa1cc77f2a8d5e8dad14db8eb37.jpg,10
c0424a834c7490647655d7e15e2374bf.jpg,18
af346d190823f8af31f3124307b97e82.jpg,11
3399e354bcbbdb9a53fcc17602552b3d.jpg,10
c6dbc375c47e7b739fa88cdc4a23ebdf.jpg,18
8d883534e6e2b6efd39c97612afa051a.jpg,19
cde89ed51807a50e09501f0e3cd15a03.jpg,12
8f072aaa143aaf054087282093d42c29.jpg,1
7ee860a66fa855b6313784b2228153ce.jpg,10
09462cbe3f40b1145ef7c0c6da937b07.jpg,17
2846eb70e24635c0f04a860cf3717902.jpg,17
3a698bff3a96e3020db95a6c92eaab88.jpg,5
e8b73cab2a7e33f458b9224e19623c18.jpg,15
9220a6ef5ecbe76cea08b8b2c4392a51.jpg,7
e7128433b1eb460dc149ba00c27b045c.jpg,13
f607227016dde6e2e5f4d21de880cd59.jpg,7
646f4b4c56f636c34bfadcd1c2354ff3.jpg,0
2486759da95198ea3c376f940e116ac1.jpg,0
b243f6123415374aee6e948d5e901e88.jpg,9
ec1b53be0617cc3362699d4f094a241d.jpg,3
18316a64226f97232b5b8018e0edacc6.jpg,8
ba1add507d9b2e500b1d1b830215efc6.jpg,18
addf9490698a90c89c064fd68f446700.jpg,3
43a5b480502bcce8a2d7bc3f647807e6.jpg,18
58dfaeaff8ce028d555fb16a722ad933.jpg,17
d6f6ff398d3da7c2112557a1a21f09fe.jpg,4
b2101cb8c238fce2cb4aa7b0c115354d.jpg,6
8dc7a10ae57008e294023ba8fb7758ec.jpg,19
2744b614bd060d9781367aeb6aaf248d.jpg,15
89e40f6ebeb77d38fd43706dc8e198c1.jpg,16
1b0c63d85a8b413c0aa612409ac674df.jpg,11
e5e3aac8854d09b15cb3def680ed9b0e.jpg,9
17e80e99435702b97728bd62675f7187.jpg,0
7145eb6883ddf4d8be8632953cd4a859.jpg,11
494c6678a970ac086c096361d8f47228.jpg,12
f41315164db5bce0f2f8470fe81ee417.jpg,4
1dcfe35d6b235171cec4b5b5da974e54.jpg,5
8cdaf9fa788d260b905c9c7d863c37f5.jpg,7
b3dca2a832680d053d4e272c8e9f9dfa.jpg,14
300f0b7e84ea404af4bf15cc28c7f5f0.jpg,19
7848d3dbb5b0a3d7daf143ad2e1e811c.jpg,0
a4690e7b34b6396abc4e0be1b6c16ad7.jpg,8
0ab2984e3f3f01ad297ff7eb60c3eb02.jpg,10
172d83400070db31db8d7b846f6c6fe1.jpg,2
885e0d0c53b58b68538fa20a8dd872f7.jpg,2
9bd9fe4d694a5cc83dd45b62add3fc35.jpg,5
c323f33668cb373792994d849d9560b6.jpg,1
294fbd1ff3c0abac864d44a062cf17f9.jpg,16
f74420fda3f847be4e7ae8f5c25a1bf3.jpg,7
adb8bb92ca8af4badef81d20d21afcf2.jpg,2
cdfc2dd276ddc848da62c11d3b97f890.jpg,9
3713dabce1ac8b01d10c889999e4864a.jpg,11
22d0a4a0fc015b12d34f73486ae5cc1f.jpg,4
c9a3434290330afbd25893e1cd2a489f.jpg,13
c89dbf93dd6c9c99e1283b4cf2878bb1.jpg,1
72b68e5d0620cce4badaa507224c1633.jpg,4
e2b915f0b93994d7f5aec2ad1b68bbf3.jpg,8
c7de4c9c4da3930b580839f07eddab73.jpg,3
150805dcdd5b28600d536efab09756df.jpg,19
a5b38a81dece1b847cc7a22557b0483c.jpg,6
4372cb7b6a6a981fe16388fc4633d0cd.jpg,15
7d353a2046eb4d99ef0c26faad78d38b.jpg,16
c38121ef934357030698f5a7cea66210.jpg,15
a0920611e138a037f89fb94b45283c88.jpg,12
4f49f521fdb6386ee138c6efcfa5b538.jpg,10
07d6d7d1f025a3c44a3bd20c4de13689.jpg,14
b4cb0b17594d4bc2bbd503a0e2f03727.jpg,11
220c052ba5b2d69879220979eb7958b1.jpg,1
4ecfc8117ae9ce1ebc082886cff5e2cd.jpg,14
67056544d28e9c2c5392a6eeb57ff00e.jpg,16
9446c3d39deaa6ec375f68e2b21f9cf0.jpg,14
6aa291bb431018c38254c4aa38fd6612.jpg,3
39fd39e1201537a1c5e86b64f1a8a577.jpg,3
36eee28d9b85bb900fb1f006c28f641a.jpg,14
c047a20d05461a3570072a8250368952.jpg,2
b43c89fd7b2fdc42ae9307fe6fbcceb4.jpg,1
09d99d8a43cf3b5c76a160cb92cfe001.jpg,12
284271edbc29641218d3837b60b231ce.jpg,16
bb21c77f03c1c510128ada72ff7d8e53.jpg,10
00cbf4e8001253d6f6d320823a17d1b8.jpg,17
957f23a02cc749bd1ddb93ce4f71b121.jpg,4
dd95818e35e0e9f634df76ad00808b87.jpg,9
c5ff50f7665e273525b7a54e58d194a9.jpg,0
11dfd2b7a6abfb1f27e619169d9774a3.jpg,16
855d2ede0dfa744cbfd86bfda8130c11.jpg,2
990e2392c1e13e211f103a7a5582f3f5.jpg,16
081dce0e3ab985f0fa1e2a06c2378363.jpg,13
78d7bfb745198fd42b9b244091c9e0f0.jpg,8
905b00a84a59dc1e7cd50763122b6d51.jpg,18
214b0a3576361053f12f487358ae4520.jpg,3
6099d45d7dd372728cfd649352de4275.jpg,14
32beb2bba81339bbb8027d39df36c2dc.jpg,4
cdf284e488384d2e203cd4a1a7e6cd33.jpg,0
8c0c98434504ac83bfeff35e0453c886.jpg,1
5701c654fc17cd53da14953de98b3452.jpg,10
3b3a5e37348b791615fc0fa6a00f7ce9.jpg,5
2eca2074cecbc97ed1fad984d1e8b13a.jpg,13
0f17aaf1bf9fa50862dac60fbc5ed071.jpg,8
7ef7346a57d565db863d8f5e93e51c91.jpg,9
287cc468474917c3c2460c07c412ec2f.jpg,4
9221aae60aea9b99cd1dd95bf551b231.jpg,10
9644568848344d33f45a6301478ffa33.jpg,17
68182268103f26a418c0fde32e0c4dc1.jpg,17
cbe1e50bb61e94dd71c9275df118f609.jpg,17
1ecd9ebeb5aeef4b188cb9d53ab18e3a.jpg,18
8d48004f79bd629bba6734023b11c4c8.jpg,15
722587c740780af6340ac3d59be7cb58.jpg,17
5ea3071bdcfcebff56faa96625b54b0b.jpg,10
b72520185a728fbc26aed7c9ceb09856.jpg,11
21cdb521021dab95cb07c36ad9075117.jpg,0
3ae6aef1feaef8b287f3a9267824389e.jpg,8
cce20be6319e8da188c824ab7257833f.jpg,8
a3fe0c32072bae0c6e4a497e63174887.jpg,19
0881877ce73e548e92bda6f7e900456c.jpg,5
62d14c7566facf7b3896285ad2ce7dc7.jpg,0
c9aa168c1199624666afb6644632982b.jpg,5
fd239498e29c7e1d6ba9afadc4489ce3.jpg,3
9a24c3a623b180216855032d53415c49.jpg,17
373c196ee4acfb2fa1faa62368ffe86c.jpg,17
6e18c2e08ab1df48225e09bb5300dfb5.jpg,10
0eb4fc213a56c3f6253ad6bcfbb56206.jpg,3
9e191ceafc86c23e5628866b91501173.jpg,7
918d45d856ee8b5770df089146402bbd.jpg,3
72054b03acc1a2466fe47c9eb69d0a6b.jpg,12
fb650406b8d23568a7196ff911377173.jpg,7
30febaa22e451c018e2e68c62f07f06a.jpg,15
5aa6240af5544228c3cb1981151bf71d.jpg,11
372b54eeed63ef94a182e1d5bc183a68.jpg,17
1842c19803cb5c44d97d2305c44f24ba.jpg,0
d75add3f8621672e0bf368ab644f266e.jpg,18
217f744cda5cb821dd18d22e6464f899.jpg,15
65502d16ac3739a537273205ed3474e1.jpg,3
923bfae71bbb546ad7b6a90f33f0fa8e.jpg,15
0fb938ad540614f5eb2ae8f090c7234e.jpg,19
03e52989e856b6e58bdfdca3262b04c9.jpg,6
a402a862a91ebe3db84002aad631125f.jpg,11
e9085eebc662b65203f799481c74e919.jpg,16
2aaea2b0b92d2d93fbf8238ce052ec3e.jpg,15
20782e9805d2e43cad0b12ee468d845b.jpg,14
1a4861964398b906ed4de8796167a502.jpg,9
3f96cb2cad2cfa523c5b947b129b72e1.jpg,6
1b2661c2fea55a9849744ac3df49ca24.jpg,12
2a87909812508d6a4d7faaf58d42d947.jpg,8
575fb4c5804e844db44d23c70ead9840.jpg,9
9ccb698bef9d47b4575c3e98153c2a28.jpg,16
efb24b89fe1e887eed78f3c8217565cc.jpg,7
f73f895e8bcf652a458553675c064f13.jpg,18
5a72460c0def09c7a45475be2533a139.jpg,16
5cf9936c121166e3581a8f89936e815a.jpg,0
c3e2d64b4f5cc74cf8b6b36fb21924bb.jpg,11
76a85bb7188b59e76c45a44c9a5bb949.jpg,2
82a31163833e8a60eb86f6f5f1c348e9.jpg,6
f54c88719bc079e21a4bb6771740c2de.jpg,2
d37f43ac62dfcbaa038f57f07f78e9f2.jpg,9
e3b728ef7b603ff4506d2e9a2d3a9d49.jpg,5
31626ef8bd3052b36c7addbbe13d41ef.jpg,6
3b4af7b83dd47649676db695f4f8a527.jpg,3
b1625e998892d55f578918d7aa6e9bed.jpg,12
c0534f0b4289426e7f6fa93570a8d438.jpg,6
0d08611df645256a9a0e21c4d16f03f6.jpg,0
34eb11352da5b26149edb9376d597316.jpg,16
620baa9786ecdc43a8aa1b296d583f97.jpg,9
dfd63fbe43697d9bf300d1b89e97782f.jpg,15
df46b9ea2f2730f38877ca4c5692b464.jpg,4
06b4b39771d7fe6ccc0ff6670a67410d.jpg,17
afda11b75045bb3e66a67b50e48b6138.jpg,14
349369a52b13a0fdb21b945d5cbfab2d.jpg,16
f810a1c73d751295cb744d5064e8265e.jpg,14
22a283e70b107a760214dbcd1b0449d2.jpg,6
e5529f89f6a0e46b87da92984855295d.jpg,10
052e1fa96a3e6ab9a31ff069670a874d.jpg,9
58a9c38ccc2097fc7f44996c72b371da.jpg,10
65206f9abc06c48d288b32396e364e5a.jpg,0
1d712c21321480faff53d7d5da5f0dd6.jpg,8
b1c3971156a976b6eaf67c488585eccf.jpg,15
152218a910b9bc2b72cd246f179e40ef.jpg,9
816653ba57fd069760f03b58cd8fa47e.jpg,17
02de820c6a217c435cc99b00a194a56c.jpg,1
760c1a241d9ba9d4bd0858a8ca211534.jpg,18
c6231fd61e651c973a4d8e206d2fdf31.jpg,8
875ddd04101916c47de4adc8880f2ba4.jpg,19
2be755e79f3b13ad53274eea63726cd9.jpg,6
35e8ef17cd6cabc0f464b0f0a081c4dd.jpg,1
554cc2abd66e761f9334a61f2e486d61.jpg,14
2f0ac7675725ab101a2902dc4911187e.jpg,19
e03dba5aabb7d9eb562522e44816a7b2.jpg,16
d96fa7295307081716cd420ee993e9ba.jpg,12
a3e5283e17981967d62650b0037058e7.jpg,11
d3faaefac9752b4591dc3e5911ea9dd7.jpg,13
c82d0a6d3baeca8d47ef776dacdb1794.jpg,11
9fded6cc1330f0b7262b732715c30de7.jpg,6
ca4a97fbf0cfb172797f9d94c7b55ed3.jpg,17
dc4b5fc1fddb5246e088fee16b93f41b.jpg,1
bbf8653d7cd0f2bca2cf671c03bb2fef.jpg,13
055ad923f7c79b82d46b708ad2362f1d.jpg,5
8cd7426647db71745d3708c97e2c4f9b.jpg,19
30e6e7bc226ec3ec9477961ee16444f4.jpg,15
58967bd83a3f59d50da85a3ae49ebe6b.jpg,8
b3460c860e5e7a57a5dc7f92dcc59150.jpg,1
a9368f92cbb56fab0cf5a338c522cab8.jpg,6
22d12398a198f7e4c36a7e0963826e67.jpg,1
4da0235d20959b9e69ae6c86537ffa65.jpg,16
2e156aabd609f42bcc60901f7e1d3c89.jpg,4
495c10c5f253d3c186cdb4cd970d4b88.jpg,9
2291b239e57e4f5ec4ed24e4c30b7fcd.jpg,0
066b5fedf4e2acc4c53027c97ae11fd0.jpg,5
3a3eb945fa6dccc2c3fa41f6221529c7.jpg,10
cf1ab4a9759fad6f01d1373f8f904cd5.jpg,14
e226d1dfded41b542ab209c60d42e3c9.jpg,6
cba03e4bbded5ef5e0dcc9e7cefef4f4.jpg,17
944eab4c2d8aa7012979d1b183bb8a24.jpg,4
aa8209871c94d30d397dab858c515fa7.jpg,10
c7ec92e67ca9a433711fcf6dcf6bbc6c.jpg,17
e522dc6947628991e5d33eae5528c637.jpg,6
406b22aeae2f20631b3e0a44c8a9412a.jpg,3
9f65d248ab86c74ba06dbbae5123d3a6.jpg,14
726055fe8e0d24a526b8efc1880e7108.jpg,3
f53eaadd8ce0368e3a0363dc5446a887.jpg,13
60014fca884f793b5b5c2537bfbe8735.jpg,11
1806613f80e073d84b77faa607fbdf16.jpg,0
83d137a91d8eebb6011698d4d67da6fe.jpg,2
89309cb4484a6899a74b89717460ca86.jpg,5
4fe77d8c212191406363e995e2b9957d.jpg,11
bff443cccd65f2ac69120cc5319d2636.jpg,7
f0b18f696b3badbaf91928ae19ac30d9.jpg,7
afd2ec1106b3d9fa7e052a85c7b4d608.jpg,9
56467606d9a86ae2013264ea4d593e19.jpg,19
83e7b9af359fc644cabd8a99326f74b6.jpg,4
d1b2d5c1309a4345f24018f3b6387c46.jpg,9
6c5638b359095e60fad11c8af669059f.jpg,7
0decc2ea476b3044d78807c3ad2a6c1a.jpg,13
29fdf0ab7e421d279624604b97a3a30c.jpg,1
95c5514fdec574da4551816384412fc4.jpg,19
0bd026dc9b3fc91c058f3288a796a79b.jpg,3
b5c10305105cab04b1850929879e4d2d.jpg,17
2b783a6449ab7c3f7b81453d1a26fde5.jpg,5
16c4025b5ad6c83a9e7fffc4258c220e.jpg,8
a4ac768aa4b43eec8ef6c748008b1992.jpg,6
669dc865b68f2885422d6367c824e1a9.jpg,2
c9635a42b0992be79167336be01a2e6c.jpg,16
9822b817295f6c695f2d36f2c15d5f4e.jpg,1
8bb9ec308197e158e952bb4e9ebbc3e1.jpg,14
7e67618291253b6a1d9efb4637e1d808.jpg,3
af2e6e9076cc6c87bd866349f07fd62f.jpg,14
326cbf145481c86178a06346b4dd9192.jpg,5
d41e7aadeb860829ee8c63739a54c14d.jpg,8
3b6a912c997cf84f048c953f3eb8ea2b.jpg,11
9481b6d782fe7c4b22e5420722054d40.jpg,15
535b46aed44f62accc82b8216b043246.jpg,4
55068ad25dcd2515fe1e381f23ca4dd3.jpg,2
538d235e4a1b0139604ef2c8687423f9.jpg,10
7944cb8b0bf9501d2d0c55f4d007cffd.jpg,7
0d94b87df945a9d4d5e732a9cade9c1c.jpg,7
ade2b507010cfc0c211c070e544ace25.jpg,10
d52a6fcb4442f3cd08565e3d7cf27299.jpg,10
6bcb6ecb583df8da6f75f00cd94470fe.jpg,4
4ede01c63aefafe565fefc4f9114f2bd.jpg,3
3c1427edf4fc89ae5c29aba348ec3c91.jpg,3
2072dcf82c9c1dfa9618f1bee721ae6f.jpg,10
6556bdbc092ff26582f6b1016d3a2e43.jpg,4
d5de81677eccce0228d26d2677aea5b5.jpg,17
6da421a909af433f78ecbc1de9938b65.jpg,17
12bc1da934bd46c47cb3f30a6c19006a.jpg,17
3f40bb42c0515c4b8f035f77af524466.jpg,14
4a5c4046a5e6720f451b9cf18fdfcb9a.jpg,1
add92729697bdf09d747a2cc639284ae.jpg,7
e3ae4a4446b4f4f5cc5a47ec5a4a414e.jpg,4
b564bca65310bbbd17a1cae41c0c2ef6.jpg,4
bd93ae1e49a11ea583cdc2c11659f499.jpg,0
f3e1b38b08ecb7d9fe17c07158660d2a.jpg,17
60e03b486a5eff370164adad11874d7f.jpg,11
d045027e745d0f06eeba31cabf565371.jpg,2
e3e3ad46d746625733be0cf377be8f9a.jpg,19
dfb87c776bccbb1496c49bd10d759605.jpg,7
c35217be5a2198ccbb19f7765df728b2.jpg,4
4670bf85c30dfd38dd59d126017fe8fd.jpg,8
eeb929d5bb6f47d083b0a96a194f003d.jpg,9
c8e672086e99749f532a6e25ee5530d6.jpg,14
2501b5304e05b6eb0983e001c7539ba6.jpg,17
d31c4f1447c35631d4dc7bb15db64cad.jpg,9
06a5dda3ece7cfdde2c406bd3646bbd8.jpg,5
f77b992615cc5fb7e17066244c63cdb9.jpg,8
316d4c7ff784b15d4f6ade2f3755780b.jpg,0
3d3cc021e3a19b09a97bc19944b8b57c.jpg,16
e2689b77f614f834be446c2b5a98fedb.jpg,16
4a9a38a2084ade7e5f8031a1e01230f8.jpg,9
ba2ef50ac78d9584e0f5c401b5d446b5.jpg,16
e5696948c1ba8bb0d54fad4f7c5a8921.jpg,2
ee3e78bc9afc72cbc552b04cf552fd3e.jpg,5
ec22ec26ad314cc93a02707541ff9b08.jpg,14
6295999263d2affbdb0cd73dece5d878.jpg,19
e72848987bed8de94448ce86f789a512.jpg,12
752f6d092c4393ac444b51135ab6ddaa.jpg,1
b48d4618e132a1353b73f7cdab095e46.jpg,14
968e066f927313695f70ba17de66891c.jpg,15
570726a01de3509189f838cc7dd3556c.jpg,6
b9a841b9e5d6ef077587c761b83a0b54.jpg,9
d5d4797ff5392cb75ca0e02d472f903f.jpg,1
bdc53825640313bdb9e4ebb58c616e7c.jpg,14
94c5856e4bfd8dc5be3e859f88db6cdc.jpg,12
5760d2efde7b44b54436ec76eb67e060.jpg,13
59f4ac8c396951029747912fb5ec654c.jpg,13
1bb36ade37cef0e54c864df89f3cfb8f.jpg,12
a017f5f41424119aafbff150c1aaffc1.jpg,19
b3cbc8e7017c464b72235a362cd74574.jpg,6
7283ec4dff2409b430ddf0fd0c60b2d2.jpg,9
f95a113b9c196b986434ff9395c2455f.jpg,10
213d0ec038713ca7a16d8183e03dca15.jpg,8
ecf6a0832dbb9a5dc4ca5887c95390bf.jpg,13
ccebe5f4c4a104cc247a6b5151b71d07.jpg,14
597268eec406557be86d344a57a46c66.jpg,5
4e841dc33e315f331a6fc50c432c9416.jpg,4
220b07e0c31b42519b8895a8e30abe04.jpg,11
41d2dd17b80d010b89bf408fc89c8979.jpg,11
04e595a7ab9499b47965ea4d1930c96f.jpg,2
aa907b42dbd722c55e281317ebb883c5.jpg,6
0c24f89a6f70912f83178f2276e65932.jpg,8
280ce655092d840d8e1d6583e1f016e2.jpg,6
d0520bad1fdc0197c58a2995d7041a1f.jpg,14
805b16c9d3783b06f3f50d634d7e9d84.jpg,0
cdf0ffb9d78da7f01d5438cecae47a7a.jpg,6
f37f0783e20173bf67d02885aaf3cd5a.jpg,13
e28a163f23493ff4692297762738a0ea.jpg,19
1e143c0754b12e8a4318e34cb629a870.jpg,7
4f8032796734c88a816d774ec52e6e7a.jpg,3
1982a9fe811e984e039c6922a20bb257.jpg,5
065096cf48ba8833d0f76bc915ee7134.jpg,14
f6ab76001c72f07eaac4fa50c2a379c3.jpg,9
fb5db33d349d12436a1ec015bab73aff.jpg,17
3018e613fd4d29a92e5d769ea493b47f.jpg,8
caf06b030f48f73b391ca1949267d8f7.jpg,11
5ddb3e3d46e62106df0dda7cf37ac1a1.jpg,11
384c42dce1e897fae3f56d8f3ce05dcf.jpg,11
54cfa58ceeed3811fcb5f275e5a0ea83.jpg,9
2b29407a0b2b83aafdfd7cf7c0bb33af.jpg,18
7cb2ba06f5334e5813b9b1e5ab6a7f39.jpg,1
c03d73802cc169058e94be95f39ed179.jpg,8
b3f4d829b85e2d24ff85c52716781971.jpg,12
2effb5f32b1080ef6ab6603122c69dc8.jpg,14
fe440169be0edb3834906410dda87d3a.jpg,13
a16391207c0f3cdf8259df1d9af23bf6.jpg,6
bcbd12c9e4f2d33508e14b2144aff176.jpg,6
722c75751ecff151ece740144aac666e.jpg,18
db8202db19394c3f18f56111067b902f.jpg,19
8af74a0962a9f8a5844493d8aa1c5c6e.jpg,11
e4a90e9334a91b72b21d81699c6f17e3.jpg,4
f47adfe96ced7bb2135f770b6d91bf4a.jpg,0
b901451554a6570a51bc960cede2e230.jpg,0
291b44ef411bd3743e271278d0ccb853.jpg,14
e3c4c5009f353792f8283bcb16cf47ec.jpg,14
25087ae4b97682719b72dfad0b61832a.jpg,2
59f1a69c5c1474599f42d8e485a0e94a.jpg,18
8cf750e2fcf02498f4b0a32b0d5f9bfe.jpg,4
5908c6866cbf400f9d730d45e78ff1f9.jpg,1
20dbf1b8d583e2a692bbef81fb5ff54b.jpg,14
82baec94ced54edc8ae8ea058d3d0199.jpg,6
07783d19a32f6e897b9b1c2592e077a2.jpg,16
a9c1eded4f71390d68ef62042007ce53.jpg,16
92babbb0bc249a90d5129bf45223aa02.jpg,12
6dce5d73c2ce05ce3d8b9dc27af04c31.jpg,5
07784136cf587cf3dc1c9accae4b832c.jpg,6
4811e3c41f345914a8878c7edf38a662.jpg,1
9301681fc017ff673408ea616031a674.jpg,19
58e77ac2b90679df8a27d3ba6e1e3a32.jpg,15
df55e59f08aa21909ee57ad900bc64aa.jpg,15
ecd744e8fd87e18f1830bc780e2b531a.jpg,14
c7e06914330ac792263a6e585fd372cd.jpg,5
6a08ba61d182447f479189944f82d624.jpg,5
29f6cbef223ad174ddef72b0bfaf02b3.jpg,1
768e74a98b3d0c5ae2c68d5ff6d031a0.jpg,12
51bfb631e5911e9f2c1097ef1a6b3daa.jpg,0
bca13ae9aa7c58d5bcb96638b29b299e.jpg,15
94546a3413a228e6e2ad802e266bd423.jpg,2
507afbccd4c7ca972685c7d0d0c25a9c.jpg,10
8e37ec23b228a262d0f1a13341419bae.jpg,15
b97858f730d366675b7083f321bd3691.jpg,6
c80d679d70d87f43769b591910ffa04a.jpg,3
a4493462e6ad2ea83cada2fccf3aa7d6.jpg,5
e57daae06fc33f30e5b87aa6b6dca816.jpg,0
7f21968ebab43f1da406b12ecbc15ab0.jpg,18
0dacab7653a3b782c519105a0bc7a50f.jpg,1
4dc833d4ec60675ef1485b83c552adb4.jpg,13
8929cfa5dab298b1cd5e6f11983349ee.jpg,15
21d3fbb9b89f16db5dedd1a01e7075e0.jpg,14
b8335021d9d819f0335f0fa75cf7d6c0.jpg,10
51097d2ef1fb1534650262ee6bd96f67.jpg,0
1e67cbcfa7007d2440769ce690fcbc5f.jpg,17
d7e0d4703f57bf78c050253e80a91dae.jpg,5
0e0f92ea54ceb09ea677692e59178246.jpg,16
890596d40d5c6a845d08cef6d9902d45.jpg,15
2a2d6f0412e78c92ce63633a3bead1c3.jpg,12
cce2bbf210ff5512ceca1d58f76e122e.jpg,5
ee77efbc3a74e7f9d998ed31bce64b88.jpg,2
c240a9462dad55538c863c7f7638a612.jpg,15
2d456ee7eb14c3c61666e430a0ad0db9.jpg,19
5972bd4c90b331de429ac49618b02f74.jpg,4
4b87f9a5623999d2487509b7480ea0ce.jpg,0
fa8309c93066861f39d8361d32507efe.jpg,2
72aa063205f04cec3a09bb652656e06e.jpg,16
7d98451402efe18d6f8025ca61eee1a8.jpg,19
2f4b417ef85ca4508000d0498f256a34.jpg,16
6f8a00b9d1c0e7a3c327c7fd2308f768.jpg,4
41cda40a5e828ee093586079ba13e473.jpg,5
03449a15fea49123a515635bdfc23857.jpg,7
5f3a79c8a8226656bb858a7ba3cefa79.jpg,6
86c164c97091d2f98a7a1e1d31abd5b0.jpg,16
1c0b42af5a15aafa765d5581ce8f12c8.jpg,12
b79e046cce59637c5db5f2f3a9460727.jpg,14
217c3f5ad7c41a08ba2462fbe03c9874.jpg,7
c0a55fc49077a80a206feb0776f66638.jpg,6
ad41448d808155f69052087a4139a18e.jpg,8
28ea60a917b1b2078d5f3e311d469d9b.jpg,18
0648bd6be32d57f7e729cec4e93e02e3.jpg,17
ddf0b58c401d70f1158c9aaaece27d04.jpg,4
ef7c1de41aab67212d359c58ea5f9c3a.jpg,13
6f833d9dadba9faadda5f140598752fa.jpg,10
aa61d824390e5c6f73fa93c1e386a17e.jpg,19
dd82af2682d0f3d99be86edefa955e16.jpg,11
ee8ad67fe82de8d0397ce993cc98cff6.jpg,18
9f1f1a1f4475b4f38259d0a2f6d2703a.jpg,10
8a7f04aceb303a4029ae1d74afe99c87.jpg,11
1add95978fe2a372ea3f8738122ad8b0.jpg,18
ac5da067ef7bd4d3bbe0b2c12a942ce2.jpg,2
2107d9510bfd42ed869b9720a992bbec.jpg,14
e7434fb1c4dcc2d1782f4b2ee4410863.jpg,19
6b0431d328e937373bf372fd3c07adf2.jpg,11
d4a6aec539520c6519ba199ccc19e490.jpg,5
293d4d62853449cf180da82169e42fb9.jpg,3
cb4383b9c2ebc495730c1199d77e0cb1.jpg,12
8cfb1f892a3b8dc0b78e109bf9689f5f.jpg,8
a7acd945f31a9f9df9c7072de3389b7e.jpg,1
603468651ca1e7ad5b261e13cee0852f.jpg,3
bc3b6bad8530e8fa47b257dcbb824973.jpg,11
2e763c2ecef75380a1bf827f0cd6ddf1.jpg,11
761051ab6a45bea5e5dc0d15686f9a8c.jpg,19
061f385920dab23883cbaef0303f16a3.jpg,2
08f89a75750c455944d40b076d518425.jpg,5
b156e1c3ddcca123e4f26dc27c1bf8ee.jpg,6
a2395fc3638cf6b1424df192a0dc2e31.jpg,7
0360049046a4d7211ddc4e3c130ff3ca.jpg,2
7d8131a1096ea64fb02d38064f868bf5.jpg,12
9da92aeda3a2799da216d8f96e6340c2.jpg,10
674de16d1604e8b66932cbdbce13fe7b.jpg,5
b640ab4f6d5e18bada0bc64c0d2042cb.jpg,9
c97b4c695a8ad9c304f254a777bacc34.jpg,5
4fbcb6e0dea78ab28a6b8f0bcfea4e91.jpg,16
b813a6f347603b0208bb89a4fa1d4cd4.jpg,10
9c0dd0601bad3bc73dceb57c1f988ae9.jpg,16
68e119544014c27d3cf631bf775dc803.jpg,1
98f4702a35321040b6a540aa3be11a7d.jpg,7
a32269f3cb44c0c7eaa4dc33fe1ea36c.jpg,4
4fee30ac0e54f5cb6a2ab9a4e310aa79.jpg,13
4908e3a6cce8290b635ed63be404c68c.jpg,14
e406f75452ed720ae1e28cec5788f123.jpg,7
4f0cc7dbba2836e60730c207e6ba8ff6.jpg,1
6b08334121cdfeaf73c71e1648c3d700.jpg,2
c4589cba2a32a2a17de1defd712fd1bd.jpg,11
91890503c9bc7f41286662e3ab486fdb.jpg,2
b9564d8d4f86cdb6139ebcef1254d615.jpg,13
8be9a95a9b9932262e5f4319210ed475.jpg,3
8574d49875dda2f0437c4a5f28ec0a23.jpg,3
1d8b7faa6149b06ae848fb3ce088d927.jpg,17
e6c997bb1ed986695dc5f47b3b9cd068.jpg,15
5e6dcb49ef9db6e3b810a12e2376bae9.jpg,0
f4c093f1d4a98d0698c65933b0688a98.jpg,18
0396dac0c9fc259a9c512ca7037d4d28.jpg,1
91dfd15303e43b8381b75f73c489e34d.jpg,16
014626a8acfd4faab9b79b0e77a6971d.jpg,2
d136cf4183f60762bcf694de6958760f.jpg,10
a78f8f5689e88c156fca4ab9c22613ee.jpg,16
1d59de9736f4e2899e50fda566c0b2c5.jpg,2
fa85d376857a5226d0fa56af9c4dbec9.jpg,0
3b30d1b064b5c848eae955ec9e1d9817.jpg,0
d20e4dccec620b9401e7ff8582ecca55.jpg,7
6bb31b6158e7caf1f0d305473e52c5f9.jpg,10
6b551f51ab70801f72fd837b21669444.jpg,2
a85a6707e755cb8ce96e74ed922c2201.jpg,9
cfe558f2c38c4b3835e33b07fb656a50.jpg,18
1162291e8639724ad559eb68f23d91c3.jpg,18
88d1a163c3bb834053859a8c2a1ead1e.jpg,0
2736e2e4bc4c86f5a92dcea4504d4929.jpg,13
d3c107f5a157b5ae4e706309606d6494.jpg,6
1c60690225822c0cc19fe1a1ec0630c6.jpg,0
55f5bd7954c6ae782b6f7de5420b6cfa.jpg,9
e10a59347a2d07b3d5effa8d67ac5bff.jpg,10
e4a794c4618242970a5a91b3387cdb01.jpg,1
634564340ce9829f347be494e9e2899a.jpg,8
1f65cfc9a9acb7b4f4a39a6063744964.jpg,11
86edafc83750ff08bf701ddc8e45f145.jpg,18
a553355d5b9c84c043f41931bddbfdf2.jpg,11
7063888caa8334794f8e0449fdc55935.jpg,18
aaceeb96aa4b5051a1e6eb35b1ad078b.jpg,4
e129c8665bf17748e63ac0a76a148731.jpg,15
56e2fe151dbc4b0141f7c69f4eb6fc77.jpg,7
e03ccbc689b7e650d9610823665ae4b2.jpg,11
8ab212d14595a120a35ab135c431ef7c.jpg,14
8a9bab2c2e38b1d91038758f2a89d336.jpg,12
ddf1a00c9c097139229365a6bbe6ef22.jpg,18
5ce06dca101451833780e375acf6b625.jpg,18
e1bb55ceccb48e90546ef3ff3f112f67.jpg,8
3bdc709f862d03bed2a945ade7b24c87.jpg,10
4e91d1483119de17305f8bdb4c74d8a4.jpg,6
61a9f7ad7fcd9eb56dda1940a5b11c2c.jpg,18
98b12bbf9b34a105f6a0a7ae126076ff.jpg,9
cb7a47d0e86b77d6b11333574e579ca0.jpg,3
7b96e2b6df022f395c70ebddbb4aecc4.jpg,2
89d6c9e99cd514f51606bc655a1875f8.jpg,5
17bf5a6fc376ed4f9542008218c714b4.jpg,5
6fcd8774dda1ba58e7f080eb2884dd83.jpg,15
d8b2d293fb3d93246a24331b4fd510ec.jpg,9
4a5651cf886cc88e22c8e37350cdd80d.jpg,14
fecdaf95fadf23e4e97e0b95ee1e7e72.jpg,8
62795fc7b68197cc53f06c9f310c5dba.jpg,0
2d5c2a76bd31828c7d51da05f1396822.jpg,4
96e88bfc4487b1c79ddc0e12c7d240ad.jpg,12
702f0a87fff2842704031824ba161dc0.jpg,18
684875cb889086bfa283c6ade98b0715.jpg,13
3b8c65375e1420547e7937dace180435.jpg,13
28719b0915c28787ece6423bb541bf9f.jpg,1
a713a684c9d4c9cc1e77e2c284a0b985.jpg,10
8944052a46f30df6159cee9f6de7c4b1.jpg,16
d3031c2ef86a3c8c10a40120585e52a2.jpg,4
a6d879176ff96f2b2ab043fac1640fb2.jpg,18
64c23f17e0fd35b82e640a60d5d8348c.jpg,18
6c8659cce646f2921763ec5c117fcdb8.jpg,19
c2fd05966b0d0924ba79c5b10f97d708.jpg,1
5e7ec0b67106ea8a92b4931c63330b0d.jpg,16
30077b19c63c55dc1c677828dd2aa47c.jpg,12
3805a861ab276a46cd465485d19c3b18.jpg,11
5130d855615845bbc3db58c336268a6a.jpg,6
3641ef4331b19aca992c86bc4f1bda4e.jpg,5
8d8a9930b5e80f9c1b380fc7925e075e.jpg,0
c7e8a121ebad7bb613f1fe5b13608e5a.jpg,19
ae8a0abdfae4098a19715028c62c85c8.jpg,11
fa88339f256754903145899f8fd12990.jpg,8
5078833de76d2bc568ad21ff31ce0b72.jpg,10
9bc60b10c23e16e2cf37fdc91c8afd83.jpg,7
90f29d8fdd0bdff4fdd51b6689e125ca.jpg,7
ff87a87473c9ac43a8fcd8d8a7780786.jpg,9
d5dbc46879411a38814b1082174ef04d.jpg,7
4965784e3da9d9f35e83dffb5aa69473.jpg,12
3945f0016cdbe83c8584808abe9b454b.jpg,6
4f3f3825590d2cebe3fa86775eda4385.jpg,8
b705637361a644a2862206842c91f384.jpg,10
6077c74588ffc33ff7dfe6b0040b3d13.jpg,5
442458fe34647546c6e5557cac9a7af2.jpg,13
52cc095f01631b4191827bc9002b3f3f.jpg,19
02d0376721f288b3fb24918171d19d32.jpg,12
d84658b0e501124e05c4421a54358c1d.jpg,4
b9b34799b2c6e3f35fd1bd8378e5cd90.jpg,7
c38e705a3c12dfb0a18de1d91f4489b4.jpg,15
8a129d6fd56dec0dbd7cac58716ee892.jpg,7
978db0b16a5a82cb92022fc9329fb098.jpg,18
3c13ce754f396bbf8538f5526a1197b5.jpg,18
373783e773756789b95f536dffd8cf58.jpg,0
fd6f9b54a54b371ccc8b9b18a11ccee9.jpg,0
1d91536ffe932b0f4618b85dace84140.jpg,16
08d701aca75fb6daff708abdec484d9e.jpg,1
727974295e58269855db0aa528a54dd4.jpg,12
4d95e1b404c76937cdc373db156d758f.jpg,10
a70c5dfff11ded282af5d1219e8a2028.jpg,8
907a38d5da971c39cb4b19f1895babff.jpg,11
5e1162beb0a98e560e8fd178da7131c7.jpg,13
5b8e2d8aa4edb24666ae6ec53560a947.jpg,16
4bd7522152634095c1c247b62e1f5bd5.jpg,16
51f0c3c9c80a7a9ffdb8aeed8ccd69bd.jpg,4
27e3c10a452d292da3609930b0c49c35.jpg,0
f965a022c2c315904bb93e12fad0f810.jpg,19
289929d32b37b541130a4405062c9968.jpg,11
8c19f9db5a3a14c7bbc499c0f8af1a91.jpg,8
6e8f7f3d220624d861cc3b8a0e78493c.jpg,0
3c0a5f9b6f57851d1118eebda782387f.jpg,1
da738d191ddd282506890eddc0ecf4c6.jpg,7
534fa3dcf8399c5fafa374b504fa5357.jpg,2
c07f30436d55e5bf533f6b4fbf296515.jpg,13
5c314095cf0e87df841de9276020bde4.jpg,19
85db24ebdcb693678307350214781b1a.jpg,13
d8df3ac80b00093d2563f22c2cf39acf.jpg,18
f8747f78fd7c5d294c1f3207338eba5b.jpg,5
e22a3eb349e57372e7925d39be6e0ab4.jpg,11
0243364d5c87eb4c24322aa50cd9af95.jpg,2
03fb53bd2ba65f8ea7bd962fbbc81e13.jpg,2
67b8f58358b585f7a060cde8809893f6.jpg,19
22e67aea60b6e800a07481524441a1c5.jpg,19
7f4ab50564d035cf57aa04db5b934817.jpg,1
250acd2578658c9cc76b6429a82dc642.jpg,6
1fc4578646a4949aeb5081c24b9de197.jpg,15
741fc6a5e0401b39ad4156e253206ec9.jpg,14
2caeea597aec003e13d9f0558e5904b7.jpg,17
6d161894d10c80ab79ff6d868496167e.jpg,10
287915510d0e64130ee65fa40963c314.jpg,6
89b712d231ad0228d0900454007be108.jpg,6
aaa5a5c39d115d2a45d9b95f7c9e9910.jpg,2
feec013e610d1268c0032624afe6ff8c.jpg,2
a6264b22f3eba1a138da9a3f5510f007.jpg,18
02fd6f599674b0c170fac01b18ccf358.jpg,8
5c257c69b25622f0adbbe90612c402ce.jpg,17
0d1f56faa4c213d9ce20fbe80baf4d8b.jpg,10
c45781752aa967da10b0fc77cdb4f8de.jpg,4
38e511f85bfe8eb0df58856b4b892025.jpg,3
cce8b5849408ad91fc02164b4f9bc9a9.jpg,6
4cf89da2a92cf0f90371eeb52c577a2e.jpg,4
f15ab916b8fb3b8721d63b1e8ce6eb5e.jpg,18
3e01c56ca4ea0efc28b4104e906d6f62.jpg,14
40b7c257472b756816918561b1f7dd6d.jpg,19
5215dacbce5202588f9c1ff9fbffae86.jpg,0
2fff26583b3ce6017747100abca73e1b.jpg,2
c9334eb4d2ca09687b3927b4f1183b68.jpg,6
78e1351b13f9f8ce9d531057953ebe89.jpg,18
4fe500ce370cee4d54e3737755272e15.jpg,9
a35ed608439a7e6ac777e2cb52bae0b7.jpg,16
6aaa5166879cf9830923557c4a51546f.jpg,2
701bb3b9cd114792739d4a0e40959024.jpg,2
149a574cadd7c7036ef98085d4916bb9.jpg,15
5379807efd4279ef594f0942c6e1d391.jpg,13
81fe47cfce6f32187d95b6b796655c95.jpg,1
9eb0770b0807a2cabbf0304bbceae51e.jpg,5
6731436d073af96fa9ce285d93ec9208.jpg,10
fe4fb11cc96a315c955c9dd4a87b7cf7.jpg,8
6e99b694725a420cec7acf84ca8ebcec.jpg,7
0cdf3b598bd5e8bdde4cc61c4a9878d2.jpg,8
6fb13a1554678aee546a4a2e9f432922.jpg,8
f8f28506e27d091b0c6816167ef84794.jpg,2
3e5717e448f0557e5f01fb2379c31e5e.jpg,2
ef676d24969fa6b7a63094b55b6abad0.jpg,1
269d96b379240a6bfb4b46a6a03bfe19.jpg,8
6abfc220f966a79168575854633b2b35.jpg,5
007f2f46e9e11b4da763212ad1ff4358.jpg,16
cde9ade34f5551e74df941d58d6115e8.jpg,17
e4f6ed76625e95955de176d77976f798.jpg,11
e02da91673434eb97a1d4f1f64299273.jpg,2
6a2b4fb013f88a84c794aae1f83a1e51.jpg,12
7687162b38bdd39f2eb2f6228f5bcba1.jpg,9
f380761edf3a48f9ad498cd5a2ea37cd.jpg,18
41f9d09d08757f78b9999050c1f4e3b8.jpg,3
fb4573b1e77ad6c19a75fa17649dced7.jpg,2
7d5d4f0fcf399004d58d059b4b137a45.jpg,3
b648e690b9d4f5d6fad5062c2f36f0a8.jpg,7
33b230a5aa60f6c3918cb34335d13d14.jpg,7
2ecc69111ff3506f9f328d0c3f85c988.jpg,0
dd4e2f40bf8002673d1eadb6ed0b0cc4.jpg,15
587729d072c201911cd1a77aee027479.jpg,4
e5cb3ac8645eb8cd5c4c8bbbbbb390cf.jpg,15
fbcd7dca919ab14c54b5f926666ae31c.jpg,14
54de25288e28764cb5cb536b1e6276dd.jpg,7
c0e315e1375968531e3b446816751a80.jpg,16
8d0f3d106cdd4b12e43542cf784736e2.jpg,12
b7879016618059e0cd2a305c8a366301.jpg,10
9490c9cda4e1667ea46bde17f6baa53e.jpg,10
2e3814fe35e2124549f1f27b9aab501a.jpg,18
dd8c23c2e2cc9945b491bbc1433a083c.jpg,8
88705c671ed9ac8e166e9dbde0a93f0b.jpg,6
c815a5b593d5debd792cf92bb014eab7.jpg,17
bb43f7f8ae621e55de5ffcfff809125e.jpg,10
c00c1fe9418dfa04d72cd5697185dab7.jpg,6
c6c4af9d4336b3b2c47f0f8fe0d35f81.jpg,2
1698d97092eb880751f3965d0a3f5861.jpg,13
9fd2a3f656fd56312d6ea973eba5bba4.jpg,8
0ae043b06eb076228371a08aed9977b8.jpg,15
1203937ac9332d9ba4d771c6c55f3b1f.jpg,9
0bf8c5f6f98bf637c36ed3fe979c3465.jpg,17
7232d438557014152f77fd24dbb18a0e.jpg,13
37ad6403f0894b108627dc5f46a3f832.jpg,0
49daf276cd3109bacce5532ce185e8ee.jpg,4
9ff894888c3182a0c9a0e89c4b44e6ae.jpg,0
c1fe2fcc861b9243459942c07d6628e6.jpg,4
d9e560603d2d38d9817fd72a6394a35f.jpg,18
51cca52e418ebbc8d43935d704705740.jpg,8
fcf669ed17f06d858894e1ad0216bcff.jpg,13
7cbd792cd3b6e409fb2713a4ec549ec3.jpg,15
b22c899920166bbf11d60dce4b81579f.jpg,13
8440ad9b7e717f70487e718faeda169e.jpg,19
6697dacc61ee3db4268b2474a76979fe.jpg,0
abc47f84b3e75384bec7474abc1e6c61.jpg,13
f638a331a4f39fa2adc5336e4a2f45c1.jpg,18
64cea8ac27843ecb001bc675e7c2d6ee.jpg,11
bb35fc4b92c4b08018bda25054e358d7.jpg,0
e89ae0ca151afe91c1c903ab7c651896.jpg,18
3b5f52ccb1ac98e7fcb3ebe72793fe56.jpg,7
ac52a2b6dd3eb9a3df138b02e244573b.jpg,5
4d4f9d1200a7350fa625aef861981d54.jpg,11
8678fc594f2055caf0d7cbe3af038aa1.jpg,3
09e61cc529326a5183ab20ca780a159a.jpg,13
3f9f2a605bf2fc66f2b9bfa68e1160bc.jpg,7
3b65a629eec9b81435e6ed0059c7aae1.jpg,4
9ae12bc00db0cc4fe8febf24c7045a2c.jpg,15
32b2cca32a90057175c99d0f0dad59f1.jpg,5
691a5dc07184dc19b07b1e30529d112a.jpg,14
a4fc20deaa62fef6d64c852d3eed8466.jpg,16
b1ed4fe5fc9b9d877723696c357d251b.jpg,18
2f013583505eeff6794bae2f91932a7f.jpg,5
c5fda8f797e2e59177912b615b7fa00e.jpg,17
a87d75662d218d24c5042de247fb8a29.jpg,4
e782b30cb35e8954b6b65bf2381bad7a.jpg,8
d1a0f1eb614319b71eb9646a2407bece.jpg,2
05e9a7d999c85511c0a2b13e45e2fa1b.jpg,17
3f42e0f324e60724d962eeab3693cb4f.jpg,19
5961a4e9483e305984b7fce3782811c5.jpg,16
b6a980b362669e9262eac3005a1cea7e.jpg,1
bf0cc453a300b5bd20700df27fab883e.jpg,18
c71b254490eda15bf90403ef9d0fe217.jpg,17
7d2be4947d20ad0ba34194ca5369ff58.jpg,3
6af5485c3b9a16e3a4c4b8825c905844.jpg,15
6823276e02548e04bed462268612979f.jpg,3
20ad47d9bd4306dacd0634895fa0b064.jpg,7
55ddc5105f3a229f4f0d8e2e75febd41.jpg,16
8ee77e51acfc0d0cf7e1f7652c145f22.jpg,0
2dfe5966bfaf0bf47a20cfa827669e29.jpg,0
60d58a903fa3306a39bab777b560f2b7.jpg,17
4516e21975ec344854a0d25d25304775.jpg,7
d4f779a4bccc761d9c35e8b2147752cd.jpg,19
fa4eae73df1716da5f09e9a1f8ba9234.jpg,2
d134309121af9892891ecb88b15cb9da.jpg,9
6418808d19d500db2e0db0c8dd11bce4.jpg,2
3ec0be6e2258cf7cb028025f2e4c83e1.jpg,4
05a4c30624b188d0593a5e378c28c734.jpg,17
4ba9018c104e952289761a98db417a95.jpg,7
079e3fc134fc510fbaad4ef56ec2bced.jpg,6
392e3fd3b346efff34570380ca104ac6.jpg,5
8cf882af13ef09faa7e56e9ac61e6330.jpg,19
ac5d4b4d569965cf4b2b5cc25517df6f.jpg,1
1f5d7133c26b7d2efdcd89b9537ff149.jpg,19
a0126e3c863587c73e3c33389cb17157.jpg,5
83adc9bc22fe55d7b090c0635675382d.jpg,13
326c2a147aeaff4d76574ff9b0fc6af7.jpg,0
6bdda995d7498fd84a9be23d6c6169ee.jpg,16
bf69700b701d37076c518c50b430bfe3.jpg,3
040998241e9ce16e0667b53c335c5bc3.jpg,9
81286554003ac9f602941f20ea4dc2cc.jpg,0
1aae9a49a8b398b2c23cfea8eca49c59.jpg,4
243724603b6e77f70cd68c9a618550ab.jpg,14
630da7b1cca53c7b30903c46eafdf437.jpg,18
e73e825bf73b6a7b6a4a91fdba954573.jpg,17
fb35ce65c6bef69cdfa2c046b934db35.jpg,5
35ccf975e8e2af88337883c3eece6143.jpg,4
09075ad188ec1d0633130014a117a9e2.jpg,8
7d97e71e328174acc39806b0e51fb360.jpg,13
58e238039a8ec7a360aa23e0cf611749.jpg,1
258371d648756ba0d468e1663c7c3473.jpg,2
66b43d9e686a600f9d066341ad756713.jpg,7
46b7fe5caba4f229fd66bf9b8c697cbf.jpg,14
7f02f35bfd29c72e3be102ab6a71ea2f.jpg,5
d3ba75458696744a2f7ca11a9f1d0452.jpg,9
3c34c095d731d287545b2e6d80f57e51.jpg,6
bf21208e2abc30b0c52234a3621874f7.jpg,7
7f32c993aca06df1f195ff8b407bc9ec.jpg,15
1b49aaf6feab175c788cbce1259e3ad7.jpg,5
c42a7fd60799810c50ac3e4922e6ca21.jpg,16
6dc58344b886da93416bbfd7ee1978f6.jpg,12
56d8aa7a1ac518e075d817daa0d43116.jpg,18
c654c73cc1ecb8a0a0566abdae63e723.jpg,14
b23d22ab286bead5fec63d95d1afa537.jpg,5
df757bc88a904eda9a82497b4e1e153b.jpg,5
6e9f1e108e9f560dce4fb099a3748188.jpg,4
c15a66a300b4495d77bce0ac124d9754.jpg,10
f717d724a9154979ee0d60d815429144.jpg,17
4c48d376e1354b0f9fc321b7c6e9edd7.jpg,18
0457fb880247a13ce2f4b9513b8ec205.jpg,8
69c6ddb4a81ce496bde2b875d67dfa7c.jpg,6
4fcca0c2933dd5f187eeca123642b21c.jpg,14
259b09b587b9c295fd5216360bf681bb.jpg,11
5ea699e189c733dd074c0ba2ea53da1e.jpg,17
f501eaee158657a4f21b363daeac8c42.jpg,5
5cd33da1f687618ea9d5e9f121cce6b5.jpg,2
32f339716648166e1190e5b32b8f1f34.jpg,15
213537bb352ad0735b4f917d65c135fa.jpg,3
f7a426ebb484f0ec66496c3320d188d4.jpg,14
dc9d0e490a9e60839a4341acc69d46ac.jpg,4
78571f34787805352d78b5d461adae60.jpg,8
8cc5770cae0f1b0b963d5c2d46becf57.jpg,13
97099ab35590e7150819fec8b881ae17.jpg,5
939c2debef0fe6a9b1711dadb24a3683.jpg,12
700a4e16ae53fccb099415a5bfffcf5a.jpg,7
0f73f2d09d83a650e079226f28fea601.jpg,13
9e731b3d8f240c947c3db793f0cb4d3d.jpg,17
5fc3782a35eb44c819ae137cb123d176.jpg,1
e7d65776c3ae2b524a06ecc71d65d257.jpg,2
fa28c6993499c7ed708d2fcbd4015f60.jpg,6
ee851b74f796d201be60e7a928a13a3b.jpg,16
b2fa8f5d40a8f5f41ea123819e58d0a1.jpg,1
cb1346d9cda6e11e9ba384545192a2ac.jpg,8
4d5957240358be3ec990c726ff41d711.jpg,2
2979a63f0e6bf1487a0cde40bdfa6734.jpg,18
b3ef316da76bc4c96ad8ccbd441fa148.jpg,15
b4973a4042ee4c3f59c215e126e43fd2.jpg,9
2528973a5ed9ab2fdc54425b444aa823.jpg,6
e7c76ded298cd7ef10a22d0ef06817e6.jpg,8
caa63ab78c600df9bd4dc0fccc76ee2b.jpg,19
acb789ed4014b41c6efce3df4e92e7c9.jpg,14
aa1269056c35fd013249b799913d9305.jpg,9
4ffc9210fbb45603240247e970b8178a.jpg,10
b2e04fb8b5e769e823f06d5b99aea3fe.jpg,2
4343cc5edb5be33884ab9a3d048ad258.jpg,7
7c6d4a7c1d3ba68f688c78540456dee4.jpg,3
6b4fc392a2f69ae9dce3a81ae06f8cfb.jpg,15
b65a5b3d95549765f41c22265a7eaaf8.jpg,6
985f056c73dd41e067b5c4116e187e48.jpg,7
6a1309348a1b5ab574d2f832a03bb66e.jpg,15
a7bf82d774c03732380e3a7c333e1457.jpg,15
3d770db9e81f1db128e6ea01c28000d9.jpg,13
f6d9aa96813cc8fe724780f38e90149d.jpg,19
82d58561c7d8c6188803f1a7ae60ed77.jpg,11
d433cd8689d0ba803a488abbdb054c4c.jpg,5
0292b6a16214a8920c18cc90ccf7b6b8.jpg,6
b2bbd7d576f7fb38706105d0231d06ed.jpg,14
2d23dbf974815e96b47d46c5b88c29d1.jpg,2
2d9047a3ec8b27794a6096b4218f3c98.jpg,6
0e66823f1faebc76dbcd4242efe04744.jpg,12
fd41da3eb28ba02a196191bb79bc751d.jpg,11
76f29e8e6783002fece4c9ac1511b823.jpg,11
d652b4a4f202d6e0b1cac093fd61c77a.jpg,2
05be85fd33b3d3db7e766d649eed9644.jpg,6
31708b6157fd3a658300b8b28c2b34cc.jpg,5
8038ece0c3aff14d317d6aacf3e63a87.jpg,6
ccdcd2e7af2b90fae8a010b6eb142c20.jpg,5
4c4fd1681b558269fcb18f44c6bcbdaa.jpg,0
5f0bdd0aab0c0bc8cc239fad8d455d7f.jpg,19
5d2c675a9b0789e1c2b3a98198cff575.jpg,1
a7493bc636cf5cf30c6435c9a97d3bc1.jpg,4
4d81b8325224f36b44f4455de62ab08f.jpg,4
bac3623eb4a171548aaaed3cefc2b0e5.jpg,2
4ff16fd5d6e43f5887b37f9dc8f33cee.jpg,17
2f5a3cac1c9d65a57c0b66df0350adaf.jpg,13
aa5e1b76bf540662aef120756f9812e5.jpg,4
a23bdaca57553fbc07008b0bb72b62e3.jpg,13
c390791dfc01914114808c6ac0b818ad.jpg,19
d8ca3c28fe4050aa51fde77b7d929e24.jpg,17
7b4b6ad588b1927e412c26d33a8380f5.jpg,8
6d429a8980d9af21dd610186c62ca36b.jpg,12
1d134662501b05ebafbe51d28f6ff559.jpg,15
0534ebb3b7dda0e73fb8ada7c4fc1ab3.jpg,11
7383b8ac7920c31f618c0a497aa29e94.jpg,18
6638dde1bfdb07721341a6bde8660ce5.jpg,4
037070125f8bde55de3a25846e13a8d8.jpg,0
14f634322b942e9042ec11bc2413c042.jpg,13
98ae8b6f0449fe18332b7a21294245db.jpg,12
f4af853584b9b6d389aa1900c9773c5e.jpg,1
9c000e46f8b2a5017c5c2d3b9665d26a.jpg,18
05eb7545a23d300c8158063449959221.jpg,16
09805cfd0985ae21922a3e50f05726fb.jpg,19
8d96a54b989727ef14c496953101d284.jpg,16
3305ae0995e2da6de6eecf7c12ffa8b5.jpg,11
a8fff250c89aef630c839115668f09ef.jpg,3
c93ee1a7a20c94aad6fc07961b0d056b.jpg,3
9b0aada91a4826393541bd5e84fb00f4.jpg,5
512c02a0bd8681f0fc190c9e0dd3561e.jpg,18
ae9dcdc7f0c808868ae546a23d2354ff.jpg,2
e774fa09a5bdcd2d7cdd2ae5d290076b.jpg,16
ab0b7ebaf8ad5bbc8ad2e6ca0bca8930.jpg,0
e6ee3cc0b82acbd314119860b356e092.jpg,5
46e6fedf5a180d5c345d64bd9842cecf.jpg,13
a997846191742fb2a3667fd1fce84f31.jpg,13
0b84eb996f9df4ac42662409918c698c.jpg,4
2a57c9ce40071d0e2a26100c55909812.jpg,8
265df4724f1ac665787a564215801c88.jpg,11
a569c974589e193d6e7ebb8f7fa72214.jpg,18
3228e9c2c234cee588f84bf961d27716.jpg,14
ca169128dc7bdc03767c359cb738cbe1.jpg,13
490dcea0087233dfd3895c4d1ee6fd5c.jpg,19
d91519bf0d9a525a822f5b8306a86ac0.jpg,16
65d09f42a77c77122d1764d9852a9810.jpg,5
45f651dfe79e44d60116ab27a6331286.jpg,6
c870f6369360e9f5adf26ef23628ee5a.jpg,3
13d61caf3f268d4cd97fec106747e4d9.jpg,13
a2fd62a74ad527e847ee5d65d9f89bed.jpg,15
81f7b0f7bb30a878344949ff11170211.jpg,15
ad1045735a195aafa2fea8c4999e543b.jpg,12
42614ff29889f0e025340a741b19a265.jpg,8
39306afffe414fa0eb6dfe530641a8ab.jpg,9
70cc9ed5e0911d64d5ca41492afd8105.jpg,1
adfeb046d5f00d971acba289a61029e2.jpg,2
0520390b0e2683ac4216adcbecb6f08d.jpg,0
f0bafb087583e642be6b13da7240a0be.jpg,12
fc6206b750cb9a3be7748a282922a00f.jpg,0
2b7e5f64d76f8a7141f7230f1dbdf9ba.jpg,6
fa086fbb3e9ca3293011057110de368f.jpg,7
15f0a24ae7e99e48a50752a1ef857ed0.jpg,1
7ec60429affd30b9a812e18334410e22.jpg,12
3a1fa9f8e09c12e09867b7b8c2381aa0.jpg,10
045bc1038a044a03a5e5b58c0b7c183a.jpg,13
6123780ab3b8eb3cfc6b57e030f9bbf0.jpg,10
78fae0c2bed25fa4ad26b3589e5bd015.jpg,0
6710c6ff9175d6087652063e149c8fad.jpg,11
dd40f2cd1ae59d86ac052547d073f42a.jpg,7
23f5700081fdd24b4bfc57331e1a321b.jpg,13
c6c1d9b7504b0aa2cf5138a458dd1ded.jpg,17
38a18a89573e3f5a4f0fb5e409b3bc89.jpg,19
df7211e535bd84ee75ff664ce115998b.jpg,12
051af8c32924fd97e94d0d217643e75f.jpg,9
3868c293c2efbedeb57f3a877c33e4ba.jpg,2
a0e6265661ea3bfb0aef128220d34e29.jpg,9
8de1d57290d5090c129d8b587a84a0a0.jpg,12
e0711259ec46e22346b33a6a34f169f2.jpg,6
e55a12c83674d7fa7fc362e5d2596c1e.jpg,12
9dc739794fd46ecc6298d4b3c79ef812.jpg,8
eb7097488928726f70aaaca7737143d8.jpg,17
18aa25dcd0bd2363d64124a7e8d9ee8d.jpg,11
04c4679a7a68ebc2e69794cad904f36b.jpg,9
6fb88d8c157ddab8ea82df4fe822e8e2.jpg,3
b4e9ce9da9d6fecb02d72698e5be6a96.jpg,19
8decd3e681631fa0ff8190ce703e862d.jpg,13
6e8c2f6bb14115124518285a06bf80e8.jpg,15
51e5e16db3898f6523a1b45d3af9103a.jpg,8
bf94da6c8508c53f7282320342f6a7a8.jpg,13
09d910189bc4f17f6147c3b20419c607.jpg,10
6d7c590c95f7b0f457abd496a817635f.jpg,15
54638b6e90bb76a58c61fec64b39768d.jpg,1
1cc050cc9742ede8ca8026b2fa0bb501.jpg,7
fcafc1372f08fa168058f0c6fac70765.jpg,6
92d26e84d4fdfdda1985449dec0ce1d3.jpg,0
0cb63e31fb3279d5e0abe8ec32c221f1.jpg,16
e794847739519a5d4f83c1ce976c5665.jpg,12
ed0d1ff9c7fee07723606011fe154e10.jpg,12
de94920e556f5a7746316fe5ebf34644.jpg,7
6ab8664edad1be8dd80c07573a035dfb.jpg,10
db73f1359b6722d8f2bd7c2f75047737.jpg,8
1f18903f7d3ab26f9cd4dc8f5d3a97c1.jpg,13
9571dc108e5be5197d25b417bf3f261e.jpg,8
a3f5397c679031c1050249041a7d5964.jpg,8
0a982db16d2ace46794d6deceb7799eb.jpg,3
55898250ecb353db027637011add7a93.jpg,13
71063eed4c21d1ef9d4b92aa14aa0257.jpg,12
2e18fa33eda9efcb546c289535d5328c.jpg,15
1c51feb666488cf40e5652119b2740e5.jpg,13
2036a00b5237f8af1339f7997e07eed9.jpg,6
c4abdb488b3e5c4da6f5018c42e6a0f1.jpg,8
8f404fd3a13f2ea56dc54b431332a66c.jpg,2
301920b472da56ebd2080f133c0fde13.jpg,3
ccbe1390986b0bae722ffffc528cb09d.jpg,8
924e98b144b9ec05e7ab5a52d27c8c78.jpg,14
b6388492534344b9d833a08e9c6e7255.jpg,12
83635595f5e39795c94c5ce09b6f2ba5.jpg,0
6ea7838a64bbedf35320fad909b5bfc5.jpg,3
124612a804aac49656db3836128044bc.jpg,7
36915276110faf227f1ad0d89a2e10ef.jpg,2
a8202f34da2d130797c168c2cd92fe97.jpg,12
78f6639dc6fef4e223d7527f70fd9ec4.jpg,5
01f4622e08de1cd16d05815593204c12.jpg,16
068a094b1523c329933412543519f31f.jpg,0
daa1b8a98b02ff333b0c795d768e18a7.jpg,0
b6602fcb9d93cba79963a0f599165942.jpg,11
dfa882cdb81190f8a441f49cb97759a6.jpg,4
90db6ae110be21647e94234cceebf9a2.jpg,5
fc22d158f6d5a8ac90f7bdf27e4d06b1.jpg,11
7b21ddadb5f18c6ea33f87384d350ee9.jpg,15
049b201562c6010d22be85121ae5a500.jpg,1
145837eae2d9e53460b90a8e756a0d18.jpg,16
8e9a65a059d8f4dcc2d1ffa082177aad.jpg,16
4e0e2d36c0b997a7ab0bbc61965c10f2.jpg,14
2dfb454e89aab85e51cc879b4935cd62.jpg,8
5f995cfdeda3e270b6da019609e78d05.jpg,17
5d4a92c1f6e609fd477eca2cd652ccc4.jpg,13
d3bcab07162655cb6a4a3cde8b709dbf.jpg,4
ad4272c32d3bdfb6d1499142c328bb25.jpg,14
4d899940f869bd0a8b66a46855eb05ed.jpg,10
a336f8ba0e5b9fbc49e487995b2691d2.jpg,16
d4c435d475041ae3e205cb2b2d76de4d.jpg,4
8a5762cc0d5120cc3261ba7bf1f532ea.jpg,3
925b35bcb3e7585dbf875f7d5ad2a31b.jpg,19
48943001184224bc05c55f6a73374adf.jpg,11
0d212d6d3f4bb89a5bbe6ddcea02f59a.jpg,14
addbcd41e8ca7cc3edea6b332703d305.jpg,6
5b45f917af64b3a2268fa034b52922aa.jpg,2
6950d835e93e4acbc6b7eaee477dc7d8.jpg,7
ec4b1abed9ef7cf76a6f2738fc6719e4.jpg,15
02944610ead1bd463909b621b1d69031.jpg,0
a103d533a1c9c68494c02b2d7f37ee5e.jpg,1
8bde8bfe32b1368641d4636713ba4ee6.jpg,14
e4da12621c919a9a337f12979f8dc02d.jpg,10
c6ede2dc993c8d45f2de2cf143b8690a.jpg,17
8ceef80a84514b4893ca71df1c38f1af.jpg,9
fbefdcb5fc520c0a19b312c6fc3e45b9.jpg,5
4a2c832053c6418da0c3db7a23d5a66b.jpg,13
058a9df2783215b80371ac4d29a15d48.jpg,9
204391854824f878d9e34f6aa50d1c01.jpg,16
f61c413097ceeb11179496fa9eff5879.jpg,14
14c29dc95c600d3bdf11c812b1557523.jpg,9
47947445f622c45383da9453e7ff5203.jpg,1
9528b2c2636b67f05df6271df6d68287.jpg,11
35155dc651c6ef927b4fcd156da5f192.jpg,7
fb1221d0df0e027a6e3a4992826f6888.jpg,4
93c05aca498b6ab507bd13cf97ea8550.jpg,2
8b270f0fd718b4d436112b575b8e9b62.jpg,5
d6e74c3e27e6829621261cb96190d4e3.jpg,12
5c640485bbaf6cf9a658f6a5e99369ea.jpg,19
d2c8d3981748e6b2b5d0441dc59858c7.jpg,7
b53c11010e28d5abbeb54915ad10b067.jpg,14
3d6a6ef461637d5134bfd06189ab1bd4.jpg,19
713e34f1e0f07a864349889bef736e0d.jpg,19
0fb2b01c559722f311797c2122f447e4.jpg,2
84686976cf002bccbd94a2d87dbc61ad.jpg,19
10f7a2cd7d75f2c16fe91421bfddebb7.jpg,1
8c68ef91dde40377af4bbf5ba9b0a021.jpg,8
90da45b96dc371af87b83998f2bdb32d.jpg,15
32758b3d5825de950d7fba8c504e18c6.jpg,14
7b3b00e4cb729c928522483a2c0f41bb.jpg,9
b15b7bcb8019398de78f8d18ac5ad468.jpg,4
c0df7771444e721805952b7434ee83c1.jpg,7
52683b2dcea89cdb41650587d1a5fb5b.jpg,7
9aad778627500e61fe543e43a3c5cf5e.jpg,13
b26ce83efe155442f4918d9062f94131.jpg,12
4499697f5ec3d2954f14d866b8127edf.jpg,4
0bd4ae8c6db00227525c08ced06d6277.jpg,2
637056e9417df68d2ac24728ef2a3c72.jpg,15
10a0fb5be4fdb1edefda75ed699cfec5.jpg,16
10fda7a6bfc508c447e5dba7caace31f.jpg,15
8dc18be87723a5d5e21cc39eb9c20e2a.jpg,6
d1fd0c29be14e76ebe020cf10b634ad6.jpg,9
16363b389653a19f9d8587d0da2c9c08.jpg,0
71de8c4a40a2d281a4e0c63710800332.jpg,8
c9d20eea2e11d9871ee5e39cc693618b.jpg,3
615b2755625cf6d732ddb3726249509a.jpg,16
d5a8c515ed4fa537a85baad4350fc630.jpg,14
4bdbe7e4aa28141585602b7fa88745ac.jpg,9
9b7cf555b1310dd479ef295c519633ac.jpg,6
a2c3e41cab69b1e98aa436c32264107a.jpg,7
1f930c09e1c69ccc1b49db166366f4bb.jpg,17
36c308f2fc80dd11a7f7b0fdaf8bf547.jpg,16
fb4a927a55f025f2e4b8bc47d7e521b8.jpg,6
8412464dba5fa325f2af22c832a79691.jpg,18
9467591002cde10c902f0661226194ab.jpg,10
a951b3a39703da4d93d5ef46bf33ac51.jpg,13
cb9a727c841a85ccce0a45ad0a421866.jpg,8
ac3a60ecb938ed46a5c77c5f903851c8.jpg,13
118a999165e229e96fd5f4fba8ff4015.jpg,1
c5515edfdd78e3795962d1e86d46770c.jpg,9
f2433caf803f2d974443a76cc7b3791d.jpg,0
81cff9a1f8cbb6f718dbccd53087629a.jpg,4
5930e7612bb884c754f64c48d4c23e6c.jpg,11
abd5820d4328cd26b282ed74f759eac6.jpg,19
42e5d4b0a7ea36b71c9e7a149a651ead.jpg,7
9101fdda8060e381acbc9b476df7a743.jpg,18
c423fcdc9683830909309c28c7af24f4.jpg,3
8106c2a2e3e288586b35b927fbd45489.jpg,4
3f6ac993cf8c47dd227f489d19793dfb.jpg,6
5229531fef479d96bd4eb663bc143f5e.jpg,6
39dfb1d3049189b5bb6a7e699be833eb.jpg,18
02fca1381773fde841a6108998bc2a85.jpg,14
5013d97b1f8a2a90daf6159045336c21.jpg,7
3e1b07eaad9692fb47a6816e9e0f83c6.jpg,5
dc48044dd481875743ef58a1e2cef46e.jpg,18
3812e5c7ea0fe9102e26e52e6d7b6d2b.jpg,4
81227bdf8ca1f2631ced70b195b53807.jpg,13
2ec9c8f8bf5f2d44923fbe4e834b9e33.jpg,7
23e09cad443dc4129a47733f04b455eb.jpg,11
26eed5ff46ff660ef75323b9054c3ed9.jpg,3
ae999b64a3f562e67adcee164cff4241.jpg,17
932e0d9074f8dd0719f70954118211c9.jpg,15
875220c88619dd22880836bd3ef84360.jpg,14
ddd397ec1fe966a311fa5f2ac5f1cd3e.jpg,14
2c289ed2854bd919af7a8e991ddd9653.jpg,15
a28d9d828024477c9fe7f804f6cc6bb6.jpg,14
e19eba15bab054810124d2c79b8c2d4c.jpg,12
88ce5178ce9868d42d693fd867320c7a.jpg,7
ac13a49de6da0999d7617fefefe82134.jpg,15
9c3f009137c759b51dfc4197c160f87b.jpg,14
0af87e0d024c5b57ed03e2644b30863b.jpg,10
03538e3548ad7528d9a578cf93e03aa0.jpg,5
63e66de5bae4b5674ae3fef6eccd990b.jpg,14
b7ac837db67e27ae31be89508727ee5a.jpg,3
a556719e3185501182153df96953def1.jpg,12
7fe8ca034a85e6c15721278561661829.jpg,16
d6e9fb2e91f37d5950d2740d30bb93d5.jpg,3
3050ca3a9fe31d23e607f2d8f86c76a4.jpg,3
3aff5e61b4800edbb4fc0f8201be9528.jpg,9
f90560719b262aa52e07197182b1d03b.jpg,11
fa566b9abd27a766a7fe47cdf01fd21c.jpg,18
2b860a2a9bab55b77dedba13bf47c8ad.jpg,9
ee71ad57041adc750403fb8c8f90dbd3.jpg,6
717e2baba43958ce26552637bbf91246.jpg,14
f344df09b2c9fae99194eff89bbecc77.jpg,1
72808e765d441997e2abc48bc0ee68ea.jpg,8
fd50cdb023ebe1a951fc4010192fdfce.jpg,6
929ca176767b806965982da33a6363dd.jpg,8
44814e822cb298522aaacc045b5c4173.jpg,12
b41cf7d5de477c54f6e90003ab594148.jpg,17
8ebd6053a57c197e17482c54597c0ef8.jpg,10
2a67b47fd3e3e64965973de36d6ddc8f.jpg,15
58dd034121c9540194ba408d2977a58b.jpg,15
f47f4032f954bf2f2b7a45810eb4b97c.jpg,15
7dcdab819622c531778d179f7f684641.jpg,14
7266bc970c487e969d185fa8214243f0.jpg,1
b86ff6e808942de435e92bb66fb14ee5.jpg,8
f054cfc639b3084f134826eef2535aff.jpg,2
ec05a4faa41488771673f6879d739383.jpg,0
0c4930bd35ddfa7d92e9fa718d2d318f.jpg,0
6a6022be4e03af3e87553b0b0178bd5b.jpg,13
f2fb42923ba09da2bea7d7950b2d5279.jpg,5
df01ce41d36c2da5dcfed8a542ab530f.jpg,13
6a3e91a287f66d5c4b8ac5886f5d8033.jpg,6
7a5983586d0fdf7a5bf485754b4e4e1f.jpg,5
775ca797c0fe29816b36edbdbae3fb04.jpg,10
c6db8c448881b2bdca705a8dac00f039.jpg,0
8ad4bdbc67c781642b1e93d96f92fcc8.jpg,8
3e22689929941704e0e4c4f753150361.jpg,1
abd8f44a5bf164fc60e1b9f315531be8.jpg,16
e7ddfaac27c8fb1d51269b91cb776810.jpg,5
62e527b1d7b52a598b4dc4cc65e89296.jpg,9
ff8bbd5c5334da39605ebd7c2b78f055.jpg,16
672770da0202ee4c0f85f027f7455ad0.jpg,10
75ff1464b61332b755410e8879d4b560.jpg,16
bd4d20a00eb07262f099502b705b6899.jpg,8
431d7f9dcb8430df2a60f547a73aeeb9.jpg,2
f803a8990b3a3d27a0950847eacdb5f7.jpg,0
4e1e32744d1cc2b0e8720dd10034f1f8.jpg,18
0e196932682d8e4a9e418b7e8de2bff6.jpg,11
2444978c65545cbd060ef713982e1138.jpg,18
f667166648607e7c1b6c8baa6e44e325.jpg,6
0f205a018d1bf382228783cfa8579ff3.jpg,7
fb3388feb7b062dc23af89684eb60030.jpg,1
7412115ba2e206274a7564faf7d6d827.jpg,2
d7084163bc83c84210a7cb9bd2d71805.jpg,1
191084b22e56cb65d2860949743dcc3a.jpg,8
42ec1113eefdc2f7a41499e082816b6f.jpg,6
57cfde36e5d223d2da6550e2012817b0.jpg,15
31108d20de0fa4d4d7c8a76f60ea220e.jpg,19
d383ee312513fa3ac82de3f6a4454f7f.jpg,9
2ecd884c609d7619fffc77e61aed9512.jpg,19
4315c0ec837f421da712a99835812ca7.jpg,9
626428f9c497933f7e0ac004124b89a2.jpg,10
aefa845f7ce3e071658cafd1e5c92405.jpg,12
7d5e6499272e29e26b80825b48a701ca.jpg,4
9b93fb0d6d2493510481e5df9ce97aab.jpg,0
1bdc6d1d217dd9761d4ec60fff6b151c.jpg,5
813baf9bd48518877abd3c5b47dd3d7f.jpg,14
8caeca41325e54027e9e67b09ef4f0ac.jpg,1
b5c753aa768f5910c7e73b9c89a59124.jpg,9
5e6a5bd5c93bcd5e614313bf0ab1e080.jpg,13
80277c5906881f9e77aa3994956b20a5.jpg,3
401ec2f3a36612c2b3c196ade9bc2b0e.jpg,6
ea8aa8476d4b9ef1de78ccc294c0f973.jpg,2
4c08608eefe959b9ed7c11dda24f03e0.jpg,6
e97802a393e07648e6b17bdcee929979.jpg,4
752053fc68ca80191e071fe0920209d8.jpg,5
d9387eeca1c0691dec6d0e330035c4a7.jpg,10
4d182a7266d879b413e280e58beeb8f4.jpg,8
ed9929795cd4b3c8a86969dedaaf00c2.jpg,6
a14b894e4b2c79c16667a784d22aa9c9.jpg,10
fa70b458978eee25efc6786a1d9612f3.jpg,8
9e02edcefb458b58861f20ecc510f830.jpg,0
df026a96b6ed75b301dbb78c002dd56a.jpg,1
045661ef1ef4f099884efc0816a16e7b.jpg,9
3a65e1ddb092133b91b405550a04a077.jpg,7
efb812ebc8784745870046ffdfa4c08a.jpg,9
544e53a6a687da0c968fb8161b4c9d68.jpg,11
27a8941d1ba6beeb5bcaed38003abf77.jpg,10
f45d740f274fec4d125fc543fe227850.jpg,0
397f4760c3de7481dcec5697e315e190.jpg,8
63806cf962dca79d4077226c04314290.jpg,7
7f427d4d3e4d78da2a28f592428aa7de.jpg,7
d180dc6c633ecdadcb819424b834f32e.jpg,8
9493cd4efbad5ef449791beafd9b8dc6.jpg,13
e48771aaf5aa8b4f610a9fb3ef33a07e.jpg,9
40b79ffe2b8e0d73f287a670989a871b.jpg,11
202ca6450163ab53b96b419291447c1d.jpg,2
f56adf3fb2040b302eaa7c902f510bbf.jpg,0
f40ea9f793009fa253ce4032cf83d84d.jpg,15
4bd3364b1e99df085dcb8d204a22851f.jpg,6
ee9b2bb346a8c26579a43ce249e2867e.jpg,5
2dfaf88f4e893c36fd95cc98a05b8267.jpg,12
3d81aa2584bfc55877daebb5d240c40d.jpg,17
4dc8b00c59d1945d3ec3653954a6b668.jpg,3
44302514875fb8f91b2fb8f68ca21733.jpg,19
3861cc90d5cddcd7d928602ad532f381.jpg,16
fb9499e7d1bf04d030196ac7da0c0670.jpg,13
671bed400989109d4474e13e1bb07bdf.jpg,14
4ef2f4147370403a653258cf300a822b.jpg,14
302708c3b267f5ec128a76acca3172ca.jpg,10
7b03da1fc1bc42dd431f34ef0718b224.jpg,16
5c657f0d768840c97f45a0660ec0111c.jpg,17
4f4794c046604f4c1359ab146b34d96e.jpg,16
99651f6ae92be98eb7b2a28cea5807c4.jpg,10
d2d835a07f8c9e75f160fe6e61463e35.jpg,15
44c1da7939c7fb6f0b79fdfbc1497032.jpg,7
90f5de9dc57fb3707c0d88fd57ca2142.jpg,7
cb82af228fb2570e85eae014e1a29ccd.jpg,16
39cd6e03b2973aab7ee8107d1b105ab1.jpg,13
4218711f3b86f1d881c5188bacb6a760.jpg,19
b23d8e844246110a952c3e572208e80e.jpg,18
7b8a7b9b321a91228b550a5ca597b2d7.jpg,12
ef852a4f36c670852a46a34621d7c581.jpg,11
6c5999299fb58268d48f3682feee3e8f.jpg,19
a5b79c700890ea8591587cc422fb9aed.jpg,13
ae2e1e6fbbde200dd1f2d416ba27567a.jpg,14
7a9b92752d609a4ea4879bd2dcdba8b4.jpg,19
686b27c6a831ca341d49533b64103db8.jpg,14
ee9dee5688e65e772a080fd22bffb12c.jpg,13
cf153b24386889eb48804645236a6ed5.jpg,4
89c49b25557c2215d4dda5aacc2b8c8f.jpg,1
b062705b7a413f732dfe1a9b393c019d.jpg,9
f7ea56331a711d810d75d98ba664ad8a.jpg,9
c814be2d67ba8653190ca6315499a85c.jpg,9
d0594a3afc03dbb35a5d8aa5980d9489.jpg,17
58ff26757164c20b45b311eb37ec1fb8.jpg,9
341b6328e831336e2e15601e5a2b3702.jpg,10
3dba7866b401c74afec50b3b1aaf63d8.jpg,8
ade0ed0ecffee50be8a69d2eba3840eb.jpg,18
9a8e97ecaa5f0db08e1b347c402eeca6.jpg,10
b06ecaf847ebad1e5bf1e28bb7c9f497.jpg,8
2e468f46708b3a5bb283b9d354ef3d15.jpg,3
8c27a3d8c16df8031cc75263345c9767.jpg,4
8025f6981ed2fd92073fcd9c4e622ce2.jpg,9
3472a5a5e8f6bbd58a293c80780abac9.jpg,12
117d8d81ee49c47bc0b77077198a08e3.jpg,17
f89f27b01f274444ebfa52797d6874a0.jpg,13
3aeacf8dc6a95014538ef25a2d075f01.jpg,14
f87284262715ad4dea6c48a6ecf35596.jpg,9
4c839ced2e53c81131206623ae953d6f.jpg,15
c344a527c801982a2dbeaa87595d956c.jpg,13
7bf26cb560614e19047ed833dd9d57e8.jpg,12
ff441b3f105fcfe685d3948f7cfd6e39.jpg,10
067d3193befc900c1339b51e0eef7d4b.jpg,17
99b8ef4cdd6a77a1d943a1dc3ae16231.jpg,6
2dc7d0f34b3bbedf6594417a3166017e.jpg,4
f1d35654d1b94709b043b1ce041eb288.jpg,15
8f4178cf0f602ad5bbf2cb883d4dfeb8.jpg,4
9a911afdf7fc04358f2f91b0576d8c58.jpg,19
36e218e001fab2849eb9abcfee7d85a9.jpg,2
848cab9c8e22c71f8b89712c3572ea44.jpg,11
3243f9648466e3cea2179ba6e9017daa.jpg,19
6008d5d09532de0f2ac53a3b68cac92a.jpg,11
9b4e92078c1f86117926f9f7820c7091.jpg,15
49ef67d135027051ca16851d5335ee45.jpg,11
ead5516443d90996d14f15ba6edbb5e5.jpg,0
2e0534cd99fb1ff06739f45f6d89ae1f.jpg,2
198e4b3af16f492355003119295c9743.jpg,17
56be3fd7d92bd643a0f38d276467680f.jpg,17
02a7aefd4d446a9c8d588a79091eeffc.jpg,8
010ed52e0da6e5ee7ee5876fed1c3fd8.jpg,18
5bdb869a20ffb49799f9b87ad9033905.jpg,8
dd6f569870891d8ed8d33653247cf89b.jpg,10
fe0929e0ae0bcc728fdf8baad0b39dab.jpg,18
7b4a016e52326e7b7341f81e7fdf12ad.jpg,8
425889049400401969dac2d2bf9b68ee.jpg,19
846ab845403ce2f4778c4cf1b77babce.jpg,12
d03f12d5657bb235f2502c3f950aae1b.jpg,7
3c3cf8e260561cdd901102a170603e10.jpg,0
0c993373b08669f0722c68db49a545be.jpg,2
9ed1e2a18459be394ebc85f4f2fb6cfe.jpg,15
ca7e9fdf2dd68ff53d8adce9986e790f.jpg,1
ce26c5720f62638ff4756d62d5da1171.jpg,2
d52541b2be74fdc4d801e29a6604d4ed.jpg,5
9d94623783c8630124d3887c430fbbda.jpg,6
91a4a58f413b4f2b70783d47b2c26984.jpg,15
d012c9c7750121250fb99be9c61fb846.jpg,1
4bd7064684f2e42c9f59cd49bbe972c7.jpg,5
80cd0fcd8f4b64b7fe02081ad49e6c18.jpg,13
16cf45571e374506a8b3e284a9a20022.jpg,16
a6e8a063c1b86d4108749379d2ae3317.jpg,5
d538d3c10017e82ce0ef07a59834fb99.jpg,17
1347d4fd61473921654a201876be069a.jpg,10
22079a6a2236e50af5e8011932bd58ce.jpg,13
3fcfbe8bafe68c62818eceef14c0603a.jpg,11
753a0a4fe03e9043059fd6736f16b202.jpg,11
6857d74480832489fe73510dd7b7bd2f.jpg,10
910f7ca552bbff5a4d180434ae9f66b5.jpg,16
5cb7dc9ef86d819d63b0cd09673e7329.jpg,2
28b057caff673441858fa0d23edc075d.jpg,18
6bd5de05d13423710246e55e79b6232f.jpg,4
14efd903767d6d586bea56b3700d5308.jpg,11
4e8ec7fa9c8a35b77bc1c60ed84d2d5c.jpg,8
21498ac2ebc56c9e66572984c01dbd47.jpg,7
91fc5a82c033d11097e492b85baade20.jpg,3
47680cf1d55f44ddd6348f38689c718c.jpg,13
d8f27fe5c109fd8fb1395bcfe1ae6e17.jpg,9
367f536dee153f41cc3dbda77b9a67a7.jpg,8
65cb9f9d3b61e14e2a363cfcad7a1afd.jpg,18
535aef4ac2a9cebf7dc3e8b528516088.jpg,1
f593ebfd3c8e11047dcb287bac9c36e0.jpg,13
36827a08841990295c0fc69ac7c6ee2d.jpg,15
62432bc9eec9f95d9de88a571cbe6bac.jpg,16
5f492d9ed0eda42a827bebbdad45eb04.jpg,18
9f2bc8b87f8dd62ef323ba33c6647110.jpg,6
898e0ca98cbabdeede94d5bc26ba8588.jpg,6
9dbdc91db585455929cfad2854532997.jpg,9
1d5bfa662b0e11e9a7162ad7d6d4a44c.jpg,12
c7c12fc0c5fc4969926151715e3f1f0a.jpg,7
029229f2416c891e0aca11fe1575a499.jpg,11
4ba9dd88b5cd3511f79f990b09e001dd.jpg,4
ba7540bffbf6aff49ccae6dfad561786.jpg,13
2ee4f8d0790c413a2425ba42aedaeead.jpg,9
7724e6afd1a78b7f02d55ddc2aece096.jpg,7
4e04be382468eac80843b116909d0587.jpg,13
35748580ba3f2f839f630f1378f2492d.jpg,18
4f916dbcce700cd2ea593429afdacada.jpg,14
f041854a4e93985def5bc6a7aae8a5a1.jpg,2
f7179aa1a447bb07da19139bba6e4326.jpg,15
3bc7a47cdebfaf6da3854092bb375ebe.jpg,7
4d5dabc934f0ce0e6a825d8ca6418bd0.jpg,6
0d86180491d718372e65df55ff2b6e8c.jpg,7
9b416a00b7ae7ae21088693b3caa4af9.jpg,7
7f94e0b2b9e78825f9c333b1be9f153e.jpg,11
d4a556bfbb3576597f352c7508041cd5.jpg,1
fcfa2eabec323035d6ac53643662e3dc.jpg,14
3f77cf3a05980c02bd1ac077e98954bb.jpg,18
fc910fbe1b067b8503227c13383b455c.jpg,4
2a5416e80d8e6f1894e700bd5668509e.jpg,10
0c47c07122ccfeeec09b91e8335ebb94.jpg,13
bbd0f5d04b8696d209805ed4ab62c0fb.jpg,10
e274ac428ed7e37fcc27a846537a0d3a.jpg,10
aee59f459c1ca3389d05ece3fd32b262.jpg,4
5d6bdb408442e5bf5c4512f5264d1914.jpg,2
5be49237d8473f7d69a3d683a3536eb2.jpg,8
45e5b39b636d196ee895fde279ab884a.jpg,1
f8c00ab8015c29d6c7678263f11f51dd.jpg,2
c7770f5fa0bc856249bd99972852a35a.jpg,13
9f5eec4df8d89538b57a21580e170800.jpg,6
1d13837a064e8267daddfa107e10dc5e.jpg,10
1d4873eacf7e6b0478440322b32425d2.jpg,12
bc90e9fb6a47fba85184f7727890dbdb.jpg,9
7be8075fcdee93de7d0de50f65fd9201.jpg,9
f7784c0bef7013dc894f07b0346c0d71.jpg,6
beca1ef3a5de046d63b9846ab0a19d4b.jpg,15
e4d33adb57d103129744935d601df3ed.jpg,3
dc140d1f79f70dad4c75ff0a71f41197.jpg,19
108a0844ff2d1174e768c05582a3c28f.jpg,3
73781d7e406972df12d4dd2f98cfb2d0.jpg,12
b731619e9733650cfaaf7dda7ea7ce50.jpg,12
9938f4448186d635969cd0fe3d0a9230.jpg,13
fa49b7da19d4e01a124242ea498cd9ca.jpg,7
a555e847684c98d092ee67b7691db9e0.jpg,12
c0db60e61676d3d96915ab123269233e.jpg,17
ec5ca2ba7be8dac16a4c46a29a634ff1.jpg,1
62f6481f986e69f842eb6c7a77cf3fea.jpg,7
f3f3c01defbda8520a0aac3772f22185.jpg,4
b4482f620346ba90d2b99e5bed699d6c.jpg,6
c6b6e23346c465a4b70ee508b1884edd.jpg,3
6e12e787919ca61b876867bf40149346.jpg,8
19a95eab21c32f803a45f028a109e889.jpg,1
418ab3b787964185c10d94d0b850dc60.jpg,1
574cd2d66ee9399cb5f829502431df73.jpg,10
83474b988d34a42ce574c74df0c08ba9.jpg,1
f7deee312a14a4bb7fe62c4f4805b6c5.jpg,6
4edb79d7ac77b6e6590f0abb92a27a4d.jpg,11
2beb6b255f9a0db1b812e7506fe370f5.jpg,3
8bb46e1e30e4a1b8b528cf519f3fcc75.jpg,5
c8a21b3320f2e5ee19f9c103ffd6351a.jpg,3
2e3b284c7b4e2d26e19e9004345872dd.jpg,0
bc11d30fe5e66264275b9c9ad93ab0f0.jpg,9
00f5281330d757a0854e2f59c6e1db5b.jpg,0
d5edd4a384c0ca1308faf371435e6d13.jpg,12
7070ef36b50fa982d8625c7d0bc81dd3.jpg,18
93350925709712b842419d18881fbc6d.jpg,6
daf4e2136086a6441b7b176c1ce95fed.jpg,6
e0cd4639c42e60f97519008ffbaeb5ad.jpg,4
c3d1b1078b2e590eb51bf22509ca3513.jpg,18
522264c1042c3e34e340568f9a5d11a2.jpg,9
91c359665231337552618376bcdf75f1.jpg,16
811908c2489e70b9fbfed7d8e67d731e.jpg,1
e8a459937319a0a7373edca4a4b19105.jpg,19
ccfa9a5103e9dc2492c7418a5f8b3eff.jpg,7
f0138dd17718b3c62687cbc975a40da5.jpg,17
3037905f461533aad374b76b3b1962f7.jpg,11
63b885b56a75d67265630f8c9ccb58b1.jpg,0
2e830b2bdeca953b1bb345c71ba97c4a.jpg,4
fb899fa70e4500502ee1077303cd07e9.jpg,11
a3e14945759eceeac7268728f25cf346.jpg,16
7d003d538597eeff8dfb310e9dba5e50.jpg,11
361cc3d9c7e9a8e8def5683f4e7ec042.jpg,16
e3da987084dd99ded118b45f55a109dc.jpg,1
3cb767e42b1325980bbdf662e3863e17.jpg,12
8fdbca97c44f4f762f4e4ddfeceabc7b.jpg,18
d7919cdb143ffebb17bd8ce74fda70fa.jpg,7
5e9345bf9ee3756af2e12487bdf914ca.jpg,1
dd227b70b2f4ea068c335c80a293942c.jpg,15
695b56be9363917d71732946366d1163.jpg,4
7f30448d43ff372eb876c79e90564e17.jpg,16
0d6698de32812285ca69af70de83cedc.jpg,1
425c066c06c28d0891973ca15b91fdf0.jpg,19
062e2e57417b2a0f2852fbdd750f1945.jpg,13
70305c47b76995742ee7972db0276ba7.jpg,15
43ff5c175bc3e281ad98ade0dedb9fae.jpg,4
c5cd680d3370bb15a1449f78a4ba02ce.jpg,15
4702f7c149c67bf260ebc0539e6ac0d6.jpg,16
3caf8525271d5744a3e22c268513ae33.jpg,17
1917e526393cc6831f79ee861c01683e.jpg,18
3da177e06a937a97b33a70858a1239c8.jpg,1
45e8a8bc1b57d6eea535e07057964808.jpg,10
3652fdf37cf09b95fd4e4fb3d7f84bd4.jpg,19
40b32009d0cd510b14dba09f63dca4ac.jpg,13
09f1b0428a8ef9c5ae18b44f5801a100.jpg,12
672a500d7b3c59049245d180797a7dfc.jpg,1
68a9c5aad83dc8b36dadc83cac545dfa.jpg,15
5532141b9af96e69ca27435c68b6c39c.jpg,2
6e9e2442ac91e932e8bcdd0d60839eea.jpg,3
290598aee14a86d049a6f5c0ad39bcfb.jpg,8
df022d1398f2f0097b672c13fd9a705b.jpg,19
a2b5a84ab34894b0fd8606967b7d99e2.jpg,7
ba583610c839b685bc22e33640e2d5c4.jpg,8
06d67813ee9aa8e3dc23d77376af688a.jpg,13
38a9a675392e0fbf4526b6852d8b385b.jpg,15
4be86199762776d629d1a4790645f445.jpg,14
6daa0cdd738d213de995c22b0f2b86cc.jpg,4
5329d8d36a9138bfeec164b1ee0ae275.jpg,9
730ec36f7d341b101e0e71108d7814f5.jpg,17
7748e9889f5148c929b0e17cc7d79ddf.jpg,11
c57084534d6eb4b9fb27917b64aa1a2e.jpg,1
ff1e7ca1a14a0ae6fb5877f971b9d8d4.jpg,11
eaac0f605d527c3b37326d656913219e.jpg,5
21cc026ff65b8fefa7b07afb8a169552.jpg,17
047bb5dae771e136c19978a303a42762.jpg,0
f6016341dd593d6bfb37fbff3ec18f4e.jpg,19
db10e96307f9d3016b435a0bbd2f9d0c.jpg,11
6fb0a19b547c7cadfc361c8d30431e99.jpg,11
0aeb64849e4c6853870814a281eae6df.jpg,6
ab517b74be8c124d6e9b1ffd00e755b3.jpg,12
97aea8da7fc0a02020b8741783bda52c.jpg,0
8495f4c50f2a39a9ef6720705f2833b8.jpg,17
1a1bef6a93a668ba57e6c18235ed0f04.jpg,15
f92f9756dfcb7d8a15fc10e37e52ecbc.jpg,16
3ca503f92b28fe89285f561dbe3b3464.jpg,4
52c96face3a899f903a30ec94f970c85.jpg,5
27f1321f9942c5a3fd77706623b14442.jpg,18
54a1898107656eca8e2df60de0e4cc46.jpg,14
3b5550b88431340cd887b18064fa6c81.jpg,3
d316a35344ad01737387adb76a45d848.jpg,12
a15bb5b4ffcc67da470e7e671ae812b9.jpg,12
fff3b26f5c3abc8cdcb80f351eed79b1.jpg,15
c694539ca7f6f43b14b44eb10e0584f5.jpg,1
4a28709e89ef57ba0f4f54c48b3ebb85.jpg,3
9cec105ba7f9c7ce27a4a58a04e12034.jpg,9
22be42f1793f1ab96b055984f8ccbfbf.jpg,4
661249acef1d3be6325cfe4c6d100d0a.jpg,6
f54c5a3c984092ac48f5b601203e8ccf.jpg,4
efdeecbf5bec7f388a88eca9786cd43c.jpg,12
89ae96ad23ddb83e23a63cb7b2831c87.jpg,9
940beaefdbcfce3eb280b8aa008d8e84.jpg,16
f92e2c463d54f2b3543a2580614aeb18.jpg,13
04af0d1c9689704deb7a086d38700b32.jpg,0
c1540528a42436bcc5f2dd8e3463f94b.jpg,8
3758eb819668937b0a0b9ac1694e3345.jpg,14
cac351181fad4a87cf09ac673e682e6a.jpg,19
35a12e35c99eef6e93a9fbf01d7e5374.jpg,17
b85efbdef061241bc54d50867c211ead.jpg,19
b370c5453a62c75a2f059c5fbfd1b594.jpg,11
89d14d205ab02c93aaf90527ec5601c7.jpg,7
9021d2a5e266cd43f3c5784781bf53d4.jpg,12
aca2c7fab362ee9ab8e3288fd48d1065.jpg,0
50f4d3515e72a0705feb197521a76ebe.jpg,3
229d49dcf3ea7e05c446569b8c9ce4bc.jpg,19
1f6cc85b30aa38bf6fa8037188baf1b3.jpg,9
cffbfaa8026e59785259fd6cf71dfd58.jpg,2
8bd8ef8d87e0a1c6a029d9ec1a137342.jpg,18
c76088071456ae8e6f367c609356f0bf.jpg,12
4b84f16c259be1af11819e99985c8ec1.jpg,5
e6cf5cdbadc2290b9a2b26e1527a0a8d.jpg,9
8ef1e8dc77bfcfb5bcb295b5b77addea.jpg,18
c16ed19d3b72c1d4a306f19675441395.jpg,2
a84cfde548e4e6717935324e7858fef5.jpg,3
761bb2783c86820aa8f509ac97f9c2d7.jpg,14
74f8c30a8cbcf82d923428a2094c6c04.jpg,1
97beffd5d6383df2207aafb1698fce27.jpg,13
30cd6bdf6f7041e71991eed4b84e8aa9.jpg,12
b7d357f9705637c34b1beaf31eaa0b4d.jpg,16
7155e5735734e6e0fdd26d1a0ee13d71.jpg,7
7a5bd017e87f25210de5326480ade0bd.jpg,5
06af1f321ed61553dbe374990b477f30.jpg,2
90eb04671ffb4ed7d61257c5eb7747e0.jpg,17
fc695b7d64e9b2cc943f6d206484392d.jpg,1
175810d7cafa7369737c92775829bb7e.jpg,0
54944ce1ecf01ffeefec9ccd25fda0da.jpg,1
28c1475d0432138ed8371d6ad758a182.jpg,12
127e33989523b60e88fe7d89ed07f45e.jpg,15
d3ecc793f57a94299b00f078704b7809.jpg,2
50a02f5b6304201ca643488d15b4f3cb.jpg,3
b09e54ce46d31cde9c199c0bbe92788f.jpg,14
d365fd80f02a1185c455518bb3bce437.jpg,6
9852a6cb169822452c97cb6264eafcfc.jpg,15
fb266bb3b100b09984feb8106039d836.jpg,9
9858603ad46ce8704c9bf286f6527461.jpg,8
dd3d60161b04d9d5d0cb965ede205bae.jpg,2
943ac64b4d1fbf6acfe669fe3d512922.jpg,15
40093329abe8ee00edd2e5055f404bfa.jpg,11
f44a8d788ebbce45996be2699ad3518b.jpg,17
543de14fe687bf07ef76504a56b01884.jpg,16
0abf73f5fef8b16922775387e8bf652b.jpg,10
4d499efd283bcca663f1ee9909862627.jpg,17
697209071f527a6dc14c741652a8b953.jpg,0
08bf215e54e7374c4c5640f8edd3f52c.jpg,5
5e34e59da98d47d62212d99e6879fa82.jpg,10
e4ee39e297cd4d6e25d596e01e58be7d.jpg,17
f70f636ad4e26ebf62dcea0ae628bcd1.jpg,17
5382c3a44790d7f1d415fd69f20a2808.jpg,11
6d0d63bcc6c72ff015868240058ab2e4.jpg,6
549c150e8fccb3a0c3c4c990c106ff30.jpg,3
810058f335a7a9afabd34040118a82f2.jpg,3
9fae255ff768728c002361d4538ee96d.jpg,2
8216206c065b588a3d3b741ceae6947b.jpg,14
263b06e45f957ee34c8bea44388d3cc5.jpg,3
a9f682c597cc2e100c7bef236394e949.jpg,3
0405a0944bb1b6a1195215cb9548794b.jpg,12
7fd82268fcdf4416494a67f21a4440ff.jpg,9
7e7774c35e59eec992137a4d953606d3.jpg,18
d40413cf98fb4a3ea17f95d22264134b.jpg,4
52636d15473aa672126c347c9483f3fe.jpg,1
1895773e4530b44833126cb97e9a46c4.jpg,0
0731f2490d337131c93fd45adea7e8c0.jpg,17
d6bc79e3650f3d75a8aff5d548d7dc89.jpg,8
ac5f31c43ecfd82fbee454276427d19b.jpg,10
26b3f99b18e5fc4ede5f4f0fbc134ced.jpg,5
95e04d6b15d8cc52ee961725daa0e04e.jpg,19
468643ffd796fde3ac73fdc63fb4bcea.jpg,11
ad10743d65531eacff75291fb5ae7e31.jpg,17
ac9c24d8ec7105855e598769a7bcac3c.jpg,7
be8126a6fba1d823c4d0d015c12a1e7a.jpg,0
9efafead189b72c7ed433c42dfdf6d4d.jpg,17
ff77c0c853b2cc68f48d67f2331ae8bb.jpg,1
d3d729b5e46209dab86fb81b27c3e579.jpg,3
73c87a1b5cd5e1ed36dd69039cb70714.jpg,7
7dbf2be5ac29e4e0515d449092bc263e.jpg,3
c19c2c64573888e92d6bb50d636d660a.jpg,5
3adc3e1e93e30b0434556eb3502a3c99.jpg,5
221b2d5a4a2ef863f3e26bd28d5c9c0f.jpg,3
e9b7bce36cfee40b95d358c5934d94f4.jpg,3
88a7a7963bb3b70cf8bb697bd34f41e8.jpg,15
30ede7a1a9241d45216d2d577484ee42.jpg,10
696490a102cea768ec7d8a9c9babc354.jpg,15
957668a0b092be1d554c0b2a3112e3c5.jpg,16
e53f7495a3369e9cf932b746a6c7782b.jpg,13
90346853326537c47654a992a0980a18.jpg,14
a81c1b9a8a52cc0d1fb83ef121b518a0.jpg,3
0459b055d083372efc31f4c7b9d2a61c.jpg,10
ba32b7f3cfb717ba0fbadd6e4f5f570e.jpg,6
7250427a82aa76f808f9c1f886fa05d4.jpg,16
7777ead37dee0a52e08f9eff70a2dc11.jpg,15
7166d3a63ea6665898b82c450e5685b7.jpg,11
e69e75e86f773c597e83405578e48ca6.jpg,0
d2741d75a0b5e171d320b411ab4ecc44.jpg,18
b865a46a2bafb930d605d78c7d286a77.jpg,2
3bf68b92105a240129b589a932df611a.jpg,12
22b61cf92cb7aaf6b16c0a769447af27.jpg,8
58b9846fae21b41fb24be9c5835ae889.jpg,2
524bf21248fd0695f8ee4bbc89001c8b.jpg,6
19e23ae60b03aba1ccc2b55ac8dd8ddf.jpg,19
58f2a92e7ffaa4f72e6fab6bdb9936bf.jpg,16
cf5c37088c4f25f754544a873de401c6.jpg,9
b278b853d3e518859efc9be20c2d1bcf.jpg,0
c8462750994a27a901b323c40e1a9ee2.jpg,6
5ee892a057d0b2819a8e3c615a9e4553.jpg,15
7bd154d01cd409a688c5c0a9fd20d6e6.jpg,11
634e08398edc5b987e6b659a05cd9454.jpg,3
ba7a6c6bac95a39563d0abd357ee7259.jpg,9
1fa984edd315431e3401c5dcb8156fa1.jpg,11
a6e1a03406d968b497c78a0d375cd701.jpg,6
8890fa8665e2cdde74dcc1b887f04349.jpg,17
7f2efd44dd7c45ec9ad0f8958bddde23.jpg,0
afc8ebac338eac58948d0ac6545c172d.jpg,6
c8e74a1fb5d76fc9af35d1a497b220a1.jpg,0
dace96545079ba06cad0e4ec8b1cfb11.jpg,15
f7024dd31d9e6899d3084f8df3211476.jpg,16
96eb8651b047c8869e4de9c6a0c37096.jpg,12
401cc1a6deb517d0b95dd6f93878730c.jpg,1
248034b198997a6025ad6016f92b5de2.jpg,0
e673d72d02e1d6fd7f19f3a720e8cd57.jpg,4
26dd03f4ed16d8949beae4b3e087d354.jpg,3
4b542e340676209fd67a049600bfc470.jpg,0
52f8bf33e8be167100ec22736672c38f.jpg,4
e4aefbb2d2e6482d159f4be328ce2316.jpg,19
2e4b1ea7bf1487993f11ff39ad529f96.jpg,1
6a51ac97aa42c35b2afe904a7f7e4004.jpg,0
00d63833ee8bec08d28006bbb04f8e3b.jpg,17
e4e3791b18424d9bd44a50bb62aa1718.jpg,17
0c0fdab13615a6ac7cbe09073d7286bf.jpg,10
f3236308597f015b0c6fff4fe95adf63.jpg,9
c286117f52bf51ed5d52eb6a3e09fd17.jpg,19
f7a0f7739056bb55b73ee33dfd623569.jpg,9
345de85673a360e9cef07a5735aae9e2.jpg,15
61bdfa088c84a92e932f4dc810513237.jpg,17
40c51c6e8f71ddb2afb185138b8da361.jpg,8
8250ab2aece0ce0a3b4e267b200a272c.jpg,16
0822a46f7afce3de5822231d10d00c86.jpg,3
9a6aa8313f2043bed66136293296f713.jpg,12
a8af8d9e19209317c5f5a641427b37b9.jpg,14
d3fd9a3215c4e5feed0a2da9b52e45fe.jpg,13
298521bc08a1a507b918611e8196ef4f.jpg,14
7c41d5026d3b53b7c02d85cdc0edca2d.jpg,19
fc0a2764f2ea291aa4824f7229fafc88.jpg,2
7ec7d2be9c03602f602ecde861d2c794.jpg,6
7e759743c7efb7a126303d21be756212.jpg,8
7d6f5ef4cefeda95972ed3ec2c0cb96b.jpg,19
a352386d55af8f22e3ee59433638de9e.jpg,3
c17cda4798ef8aa247660bf0770a840d.jpg,12
4767d995d7210e480d1b206be768bdd1.jpg,13
ff935580cc428bcbbb8af4ba07e859f3.jpg,19
a105fdfda64ee77094f48f483bf98b7f.jpg,6
a046743f9d7a5550e5f4a12bdc97b588.jpg,16
2ef08f7c1dddb1d0bdf2a20484d5c90d.jpg,4
e0622ca667806eeab181afd0e661a89f.jpg,1
8fcdd2694cb73dacdf61525b4e362a73.jpg,3
a6c93bc5e8ca72b41d18eaef6000239e.jpg,16
ebe9525fc83245e02004fd772cdcf375.jpg,13
36f1056800885c97b0742a71f662c128.jpg,2
f684c0d4e4078619da82d932d3490837.jpg,8
7086863a068d1f4a6e215e261abb366f.jpg,18
86fc0992e1308f86ffff58a968f4488d.jpg,8
cd944c648b9e64022743e81b15c2d42c.jpg,4
a77254a2820eb88652e5d06b4950fa62.jpg,7
c25cbdc4c28a452fc314046fd083d648.jpg,3
03a8794f76b943c207fa83548485b187.jpg,15
f3bec3ef9142d85ed8da06b4216425ca.jpg,15
5389aba925408f3684cb904bdbf2ce78.jpg,0
1a2a0e7c763049a6d883be6791e6f3e5.jpg,19
c59b918a11c22f5b468a859786a00fe8.jpg,18
00ee7c3d697c6fb04a3fac56f3da32cf.jpg,6
df8a6c4cc366700c01bf42ef53763f95.jpg,9
540f17e99d369431949922611aeca2a9.jpg,19
3b05891dff93bfd3540522f606eec038.jpg,9
5417bba614fae450d571e17639e786cf.jpg,1
d5e60dbc40ffff470c5591551b988f0c.jpg,17
7bdba46c3b9bef21f2e3f65d54c54927.jpg,7
036426aedc2338f4681aaf700e74d7a8.jpg,5
820b914d8c1bb0e9c4a79fe01dcc973b.jpg,9
368a2d1d6e1693646fa08b7b6917dade.jpg,5
498527f60543328d04be9b9c4dcc0789.jpg,18
889922e331592236c366b319d5a6e33a.jpg,15
367cdb55730e4136df61b9357f16e597.jpg,3
c2182cf6a4a792bec1ed54232a6a0d0b.jpg,5
3854e26e5265fc571ff213d9fa65642a.jpg,9
e79e09103ff97e8a44464512abf40eae.jpg,12
5497c01ff81709d92fd9303dce0d29d4.jpg,15
b920102034c433f48eba62cea53a7a18.jpg,10
b7af505294908c33ff3a4e6676348aac.jpg,1
f3ee8eaa8a18937ecd7fb4f41984f39a.jpg,4
e72536fd626376e2bb20fe46f431ee96.jpg,10
fba4ea32dc3804146e9aa0ae31fb2424.jpg,4
fa92743ce5c659f3484f27529ca35564.jpg,18
882ca080478a0a116a1c9f1fbe87d793.jpg,7
a95866a746fbbdfe63cf24ed3b74c6e2.jpg,13
cf70a2d14e2509b834a0645da175e35a.jpg,5
67a1309e1bf2599ee627fc40ab7b67c7.jpg,4
321fe8bc8ee83c1bdb9f70b680343473.jpg,0
10c882a912e4cdda01b6f5ff3b8a3eb2.jpg,14
b405c44efbb57356da92af74e24d6653.jpg,19
f2b30eaf15fe873945529a184cc98832.jpg,3
3d4481e28097750a8194fa36746bdf76.jpg,5
9804b9063bfe6b8583f8703c427b54c7.jpg,18
c004938cd06689623e59d814d0641f25.jpg,3
e0369d4f3fbb49cc163082edce0e895d.jpg,16
5530b4c31f8894590960f6cecf4b56ba.jpg,12
00b50b1e951ae23300bf386a895af5f0.jpg,16
0ee177a3470cfcbf11fa13d187c37745.jpg,11
525e761e69a8ed7deb2ee62531dcfd3d.jpg,18
182db785660722c5ce1d2522296ffcea.jpg,7
c87e224199a36b961f80cdc19712bf74.jpg,11
a7e07d94b5cad4756bb1b0ec0f5585e1.jpg,11
deaf412c5cedb59dc0dc9b7b3318db4f.jpg,18
8099a93f4a4e42550affec335bec9d30.jpg,12
3cddadd374196589adfee7e123a3c6c1.jpg,7
4e71fc7994473510e5fde18fdff3c71c.jpg,1
4c14110cc85145c8f3077daa78c9f2c9.jpg,12
e010d304423be3ec4780f2e11effb778.jpg,3
004f17610fab3bfbeec69e62851ff463.jpg,10
6a84a657958c7f3d915ba4698c686943.jpg,3
2beb43d7d9f1dc9de653333c63ad7460.jpg,4
613db4ef002c446c36a5d6e18e3bb3e3.jpg,14
4d57ff612e5f35cb5beb7d3829605122.jpg,19
4c4e108d46d8b2ddba4ba0570e5b605b.jpg,1
7065d33b3cf9824e5d4ddffcf85bb456.jpg,15
64b1918206ad937aceed8a0080825fbc.jpg,18
4ee91bd87f9850db45ff1b5c37102258.jpg,0
5918ef71f047f928fca862fb5da07220.jpg,6
065763f153ace918e795979527a3fc5f.jpg,13
90450c66889b4a5d9db1e854a98cea75.jpg,4
6ae35f839a204db04f1d39dee1e0be5b.jpg,7
81347c3b4084fcb17ced6643fbb48f17.jpg,16
88e58deab41778c60e863b9419b25223.jpg,12
19d5b9e878b3951b2af5821bc180c4de.jpg,4
ac65657cfa43c95c0722399fd60dba1c.jpg,4
3fd5636d03a5d361b990c808b3af0731.jpg,18
d0f57d33bc30b26a83a1f8bc7e3e3116.jpg,4
bdf13386a2a4713003204f6097f95eae.jpg,16
f8b032c161d6c1e52770415ccbd11cc0.jpg,2
375e06476483562f0eeb7c305ac5fd91.jpg,16
a6150b8231ff0cef332a8d1be53d24f9.jpg,17
7b8a7e7aabba338472506550266840f1.jpg,18
71f4d8050458916e309b75fcd8973216.jpg,19
3375fa434f9f9359f16de15cedc2256e.jpg,15
104c5e1cdc46496fa8c6fa05dc04e9f1.jpg,17
d5695483d5864e3e29cba11be8cfe07b.jpg,15
95895b7c77b5bd46488817fe323b9511.jpg,18
8803ff75e25f7c2e2d97d590001eafc2.jpg,3
2e2318bb874a1887e25ea9e0d114598d.jpg,19
eab0276a7f6c3ba6f87caabd9f46bfd2.jpg,10
7759207631704c90528995199d1760b0.jpg,14
7facc9308b9bffbafd80944181c3c4a1.jpg,12
270b8f5c4238852131f67c1490f06136.jpg,2
9e3c3a77744fc63249a8750b369258c0.jpg,11
d8321546f19ccf6e433905b7ae2bb0b6.jpg,2
70983d776b71f6e448aa353721a06b44.jpg,11
2252cdb270e5451f7fc69543efe83367.jpg,4
910f8e71dfbd61ce085c0347b44ce79b.jpg,14
691317791992108dd09ec2ade414ae06.jpg,9
3f79c5898b066b211e1cb8779323ef9d.jpg,4
6edbe6feaeaea0486a0e10bb9d9672ef.jpg,9
f1459ab7eeb79d7750d1a40c8e2fa2ea.jpg,5
957c9d615089af58bd73f0d511762d05.jpg,17
f19ca8d8ca0016438ec41c3f2814c9f0.jpg,5
f80b30fc665e5411ded2cb934132ffb1.jpg,13
fe11eb2b41fb72995701153fdb58efd1.jpg,11
c909cebe2c85db9f73f4aaf2534f74c3.jpg,15
34fc19596a495929c88c7cfdbd7653b6.jpg,10
3c0407054f5ce2296359222ff5bf5431.jpg,16
18ed25cb01bd8dae8e0cdfafb3cea495.jpg,8
1aabd3bd7b56986e631ebf47c2b4b987.jpg,8
40dd4f7cb6ba7583d79de6bbf4415f87.jpg,8
e9c52312e34c1feb13dc2ce831ee3fbd.jpg,19
b3e39da8b463af39f5b07a17bb7724e3.jpg,7
e8c0c3e620b558613cf8e0b5866dbeb2.jpg,17
a2cb3bc22e989d3a45addf4368076ad8.jpg,10
25587d325b7c487b0de6587b53c9e607.jpg,11
27e6c21c4e1d07bc58587c4baa708d9a.jpg,18
0ade4e4b87870f6bd0bba303a38f2189.jpg,8
ce5ef517cdf24fbae622770c34f6fba2.jpg,13
f21dcedb1c9c4534c418314af6673cac.jpg,18
4ee757621fb64ea71a4faa6f2619e46a.jpg,11
25710ff6ead8bcd96d1d24372a1a8b03.jpg,17
cd74dd19783fff1992c2d406730512d1.jpg,17
bcabcf030459c47feb951ac44664b7d6.jpg,2
673ad50e28547642554e31fcabf588fa.jpg,9
b29bf139b85153f8078f1df9917ce1b1.jpg,11
318479cdfa02be3216560bfaaa4fdc43.jpg,0
ef82ebdd23e14dd93686d2d0db2f6342.jpg,12
35ef7b9c496fff85376963b64743f892.jpg,12
9c7daa3f94d9f03ce997768c3d979d37.jpg,10
89b3fb437014c4d1fc3256e52c4c5cc9.jpg,19
1ebb98a78cd606c5ef0428772bb84dc0.jpg,0
7fc08c49573d5c33774dec57d332ac04.jpg,7
011fc450c7b3d9d3eeb4662194573584.jpg,16
0713ef2b65f85083edddb4fbef31ef99.jpg,0
0d6627d8d1dd8402e8efefbe38a0e028.jpg,10
37c166882828f59521a50b8f82db7f81.jpg,17
f47a4dc4abe0582b62197c17c8edde67.jpg,3
2e1d62f5e8bfac2728053edb2c993c69.jpg,14
da9ced9a4d8cf8113440a33643a200f5.jpg,13
ecaa1d0773cf3ee09d0369a59de20a6e.jpg,11
fd03e307c9f4411df5fce6e64c4600b6.jpg,19
23aa8a2740dccdd0f670e9a5965c5a83.jpg,1
8b3719a80b33db82d90c28e85616328e.jpg,11
072e6c329d6a3145710be3b8d0f05abd.jpg,3
4fc797d0ff3b3a63cb932d3e4d134a3d.jpg,3
8c0c2068a7475dd495562741250790d9.jpg,6
440be80d4abb0dc102578f868137db2e.jpg,0
80ceb2f9b21dab7b6d52f8ddc49b0856.jpg,3
7ecfcb5d6c0eb48c266b779362a2e426.jpg,0
2fc240c0b03928c71cd84326be5fce35.jpg,18
33fbfd355f12f8128eed42c9a350003e.jpg,14
75afb68d396396993b2ea367ce26112f.jpg,8
469f8e3e8c6ef17b667ea42204d14a5d.jpg,9
82fc80512a070bd40691260c01aa732a.jpg,17
28d91df6237ce36772d5cd9ed24b8d83.jpg,19
65d63b1cf604d5a9dc956f2a0fa2acc2.jpg,2
a378cf1d2be2b84264bd6a4b4ada31b4.jpg,12
62f6e391b7e62841f5c285882cb24b18.jpg,17
3c95fad6276e73b9f932806f76f00600.jpg,14
0104bef29d3d7e4c2eb6e0035d67e22b.jpg,3
e668d58832391c06be816c524f4fbee6.jpg,9
1677baf950e8c568d06a94acb4d91dee.jpg,10
20c59582d22c31806a2be8c7f4cda511.jpg,12
646215b9879531ed715a6d9c7f61a030.jpg,6
118fccb5a99a4b77998332df532cd7ed.jpg,19
8a059856eb4f469f328d16c5a017e486.jpg,11
78a8cbf56058c5034a8ac96cb1dc2b54.jpg,11
1c437f51a559ddb9d724db5a0247cf57.jpg,4
171b9528fe1a9e828df39b13b0f839dd.jpg,17
4332a8ab26f93e81f88e53db09eef2e6.jpg,8
1dd8e65db50dfb1747732ffbef541bd4.jpg,18
7dc5105fcab4f4f5ac32f22de7115d9c.jpg,10
dd25103a88bc071e55f3d6a3a56116f1.jpg,9
93727ae0c23680427b3e262da8250f31.jpg,18
7d0995a0a80d5799b35658215df1ec37.jpg,8
9562946af6472b637edd04ccce80bb97.jpg,3
ea890fad47ae3b0e8c67351d3f06b4d8.jpg,19
9b995582a08939fa08af3b769e3be866.jpg,7
f0704897c4c9a6169d29fe67fa56066b.jpg,12
d7f8a49559e04094318b0e595b259b2e.jpg,14
00ea6e7ab9396bfd92b788fb647e1046.jpg,6
fb01d8113a8c54153c30cddfd2764e9e.jpg,2
c0c67abab1fba5fbdc718a650015a416.jpg,17
03d159cec56f87f4073d4b5ac680aa9d.jpg,10
bdf85a5552ef9c454faaf5242a184182.jpg,4
e5fec4cb64da91fc7db6cbeb2e625775.jpg,2
854ef815c2a05edc570f2744e04f165d.jpg,9
30a50a3af20ebdeea9de8aec9963936d.jpg,12
800e7f00bef5a5d2393a81bef28a73ec.jpg,1
ab98e8288691368429373c8ce97464bb.jpg,17
8554d163909096427e3197bdfe95ab5c.jpg,7
9c86ecf81893b65ee9ac478f1351ca8c.jpg,14
36398d5613e8b7e5515b37d10f7b8bd9.jpg,19
42a8fc568abf3edbb7e4dc3ebe58a081.jpg,8
